query_arxiv_id,P@10,spd@10,tpr_top@10,tpr_non@10,fpr_top@10,fpr_non@10,tpr_gap@10,fpr_gap@10,n_relevant_top@10,n_relevant_non@10,P@100,spd@100,tpr_top@100,tpr_non@100,fpr_top@100,fpr_non@100,tpr_gap@100,fpr_gap@100,n_relevant_top@100,n_relevant_non@100
0712.3875,0.5,-0.0002063174400132043,0.0,0.0199203187250996,0.0,0.00010369571529304409,-0.0199203187250996,-0.00010369571529304409,2,251,0.13,-0.00119651896746744,0.0,0.05179282868525897,0.000847457627118644,0.0017835663030403583,-0.05179282868525897,-0.0009361086759217143,2,251
0912.4838,0.6,-0.0002063174400132043,0.0,0.003131524008350731,0.0,8.592357098361008e-05,-0.003131524008350731,-8.592357098361008e-05,62,1916,0.48,0.0022701027631909718,0.03225806451612903,0.024008350730688934,0.0026785714285714286,0.0010525637445492236,0.008249713785440097,0.001626007684022205,62,1916
1002.4743,0.5,-0.0002063174400132043,0.0,0.002079002079002079,0.0,0.00010854463355331712,-0.002079002079002079,-0.00010854463355331712,107,2405,0.33,-0.00032986353480283733,0.009345794392523364,0.013305613305613306,0.0009302325581395349,0.001432789162903786,-0.0039598189130899426,-0.0005025566047642511,107,2405
1006.1997,0.3,-0.0002063174400132043,0.0,0.0018714909544603868,0.0,0.00014936201083941451,-0.0018714909544603868,-0.00014936201083941451,11,1603,0.35,-0.00119651896746744,0.09090909090909091,0.021210230817217717,0.0,0.0013869329577945633,0.06969886009187319,-0.0013869329577945633,11,1603
1008.4682,0.0,0.0006603379926513987,0.0,0.0,0.0009505703422053232,0.00019999111150615528,0.0,0.0007505792306991679,130,3467,0.05,0.004003413628520178,0.007692307692307693,0.0011537352177675222,0.005703422053231939,0.0019776898804497577,0.0065385724745401705,0.0037257321727821816,130,3467
1109.5817,0.2,0.0006603379926513987,0.0,0.0005534034311012728,0.000945179584120983,0.00015605841043361945,-0.0005534034311012728,0.0007891211736873636,124,3614,0.08,0.0022701027631909718,0.008064516129032258,0.001936912008854455,0.003780718336483932,0.00196187715973693,0.006127604120177803,0.0018188411767470019,124,3614
1112.4003,0.1,-0.0002063174400132043,0.0,0.0005219206680584551,0.0,0.00019332803471312267,-0.0005219206680584551,-0.00019332803471312267,62,1916,0.45,-0.002063174400132043,0.0,0.02348643006263048,0.0,0.0011814491010246385,-0.02348643006263048,-0.0011814491010246385,62,1916
1311.2773,1.0,-0.0002063174400132043,0.0,0.003537318712415989,0.0,0.0,-0.003537318712415989,0.0,115,2827,0.95,0.0022701027631909718,0.043478260869565216,0.0318358684117439,0.0,0.00010954822312782087,0.011642392457821317,-0.00010954822312782087,115,2827
1401.1090,0.2,-0.0002063174400132043,0.0,0.0005006257822277847,0.0,0.00017988037954760083,-0.0005006257822277847,-0.00017988037954760083,122,3995,0.07,0.0005367918978617658,0.0,0.0017521902377972466,0.002830188679245283,0.0020236542699105095,-0.0017521902377972466,0.0008065344093347734,122,3995
1407.5447,0.0,0.0006603379926513987,0.0,0.0,0.000846740050804403,0.00018661358546902214,0.0,0.0006601264653353809,1,241,0.03,-0.00119651896746744,0.0,0.012448132780082987,0.000846740050804403,0.0019905449116695696,-0.012448132780082987,-0.0011438048608651665,1,241
1408.3524,0.6,-0.0002063174400132043,0.0,0.011538461538461539,0.0,8.342196917558239e-05,-0.011538461538461539,-8.342196917558239e-05,19,520,0.34,-0.00119651896746744,0.0,0.06538461538461539,0.0008598452278589854,0.0013556069991032139,-0.06538461538461539,-0.0004957617712442285,19,520
1502.07238,0.7,-0.0002063174400132043,0.0,0.018276762402088774,0.0,6.238822110385559e-05,-0.018276762402088774,-6.238822110385559e-05,11,383,0.37,0.0005367918978617658,0.18181818181818182,0.09138381201044386,0.0008539709649871904,0.0012893565694796823,0.09043436980773796,-0.0004353856044924919,11,383
1508.01238,0.3,-0.0002063174400132043,0.0,0.010101010101010102,0.0,0.00014531262974341942,-0.010101010101010102,-0.00014531262974341942,2,297,0.13,-0.002063174400132043,0.0,0.04377104377104377,0.0,0.0018060283982396412,-0.04377104377104377,-0.0018060283982396412,2,297
1508.07619,0.0,0.0006603379926513987,0.0,0.0,0.0008561643835616438,0.00019023462270133164,0.0,0.0006659297608603121,14,1159,0.01,0.0005367918978617658,0.0,0.0008628127696289905,0.0025684931506849314,0.002029169308814204,-0.0008628127696289905,0.0005393238418707272,14,1159
1511.05420,0.8,-0.0002063174400132043,0.0,0.0041753653444676405,0.0,4.296178549180504e-05,-0.0041753653444676405,-4.296178549180504e-05,62,1916,0.68,0.0005367918978617658,0.04838709677419355,0.03392484342379958,0.0,0.0006873885678688806,0.014462253350393965,-0.0006873885678688806,62,1916
1603.04165,0.8,-0.0002063174400132043,0.0,0.0027739251040221915,0.0,4.387408138642097e-05,-0.0027739251040221915,-4.387408138642097e-05,105,2884,0.74,0.0005367918978617658,0.02857142857142857,0.024618585298196948,0.0,0.0005703630580234726,0.003952843273231622,-0.0005703630580234726,105,2884
1604.04601,0.9,-0.0002063174400132043,0.0,0.01730769230769231,0.0,2.0855492293895596e-05,-0.01730769230769231,-2.0855492293895596e-05,19,520,0.71,0.008336690791843192,0.47368421052631576,0.11923076923076924,0.0025795356835769563,0.0005422427996412855,0.3544534412955465,0.0020372928839356708,19,520
1604.06344,0.4,-0.0002063174400132043,0.0,0.0037105751391465678,0.0,0.000126606317655251,-0.0037105751391465678,-0.000126606317655251,39,1078,0.53,0.0022701027631909718,0.07692307692307693,0.04638218923933209,0.0017497812773403325,0.0009495473824143825,0.030540887683744834,0.00080023389492595,39,1078
1612.01800,0.4,0.0006603379926513987,0.0,0.0032102728731942215,0.0009149130832570906,0.00010588060902526312,-0.0032102728731942215,0.0008090324742318275,89,1246,0.51,0.0014034473305263688,0.011235955056179775,0.04012841091492777,0.0027447392497712718,0.0009741016030324207,-0.028892455858747994,0.001770637646738851,89,1246
1711.04797,0.4,-0.0002063174400132043,0.0,0.0023752969121140144,0.0,0.00012824623276691248,-0.0023752969121140144,-0.00012824623276691248,11,1684,0.34,-0.002063174400132043,0.0,0.020190023752969122,0.0,0.001410708560436037,-0.020190023752969122,-0.001410708560436037,11,1684
1810.07251,1.0,-0.0002063174400132043,0.0,0.001443209698369173,0.0,0.0,-0.001443209698369173,0.0,68,6929,0.92,-0.00032986353480283733,0.014705882352941176,0.013133208255159476,0.0008976660682226212,0.0001685122773230621,0.0015726740977817007,0.0007291537908995591,68,6929
1909.05881,0.7,0.0006603379926513987,0.006211180124223602,0.002070393374741201,0.0,6.583134010664677e-05,0.004140786749482401,-6.583134010664677e-05,161,2898,0.53,-0.00032986353480283733,0.012422360248447204,0.017598343685300208,0.0,0.0010313576616707994,-0.005175983436853004,-0.0010313576616707994,161,2898
1912.08033,0.6,-0.0002063174400132043,0.0,0.0072992700729927005,0.0,8.395072092681596e-05,-0.0072992700729927005,-8.395072092681596e-05,6,822,0.53,-0.002063174400132043,0.0,0.06447688564476886,0.0,0.0009864209708900875,-0.06447688564476886,-0.0009864209708900875,6,822
2002.12172,0.3,-0.0002063174400132043,0.0,0.0013537906137184115,0.0,0.00015134153460316088,-0.0013537906137184115,-0.00015134153460316088,83,2216,0.4,-0.00032986353480283733,0.0,0.018050541516245487,0.0018198362147406734,0.001253972715283333,-0.018050541516245487,0.0005658634994573405,83,2216
2003.06358,0.2,0.0006603379926513987,0.0,0.0016051364365971107,0.0009149130832570906,0.00014823285263536836,-0.0016051364365971107,0.0007666802306217223,89,1246,0.12,0.0014034473305263688,0.011235955056179775,0.00882825040128411,0.0027447392497712718,0.0017999703534294729,0.0024077046548956656,0.0009447688963417989,89,1246
2007.13334,0.7,-0.0002063174400132043,0.0,0.0017743979721166034,0.0,6.737939089030635e-05,-0.0017743979721166034,-6.737939089030635e-05,142,3945,0.74,0.0014034473305263688,0.02112676056338028,0.017997465145754118,0.0009615384615384616,0.0005614949240858863,0.0031292954176261635,0.0004000435374525753,142,3945
2109.03095,0.3,0.0006603379926513987,0.0,0.004918032786885246,0.0008488964346349745,0.00012536826929104242,-0.004918032786885246,0.0007235281653439321,4,610,0.37,-0.00032986353480283733,0.0,0.060655737704918035,0.001697792869269949,0.0012745774044589315,-0.060655737704918035,0.0004232154648110176,4,610
2201.07330,0.7,0.0006603379926513987,0.0625,0.015113350125944584,0.0,6.240639041437844e-05,0.047386649874055414,-6.240639041437844e-05,16,397,0.43,0.0014034473305263688,0.0625,0.10579345088161209,0.002572898799313894,0.0011233150274588119,-0.043293450881612086,0.001449583771855082,16,397
2208.08634,1.0,-0.0002063174400132043,0.0,0.00576036866359447,0.0,0.0,-0.00576036866359447,0.0,122,1736,0.92,0.0031367581958555747,0.04918032786885246,0.04953917050691244,0.0,0.00017118524383198167,-0.0003588426380599849,-0.00017118524383198167,122,1736
2212.05081,0.1,0.0006603379926513987,0.0,0.00017590149516270889,0.0009041591320072332,0.00018698578908002991,-0.00017590149516270889,0.0007171733429272033,76,5685,0.1,-0.00032986353480283733,0.0,0.001759014951627089,0.0018083182640144665,0.002056843679880329,-0.001759014951627089,-0.00024852541586586267,76,5685
2302.10730,0.9,-0.0002063174400132043,0.0,0.0027658266748617085,0.0,2.2116554240849277e-05,-0.0027658266748617085,-2.2116554240849277e-05,29,3254,0.96,-0.002063174400132043,0.0,0.02950215119852489,0.0,8.846621696339711e-05,-0.02950215119852489,-8.846621696339711e-05,29,3254
2304.01138,0.6,-0.0002063174400132043,0.0,0.008862629246676515,0.0,8.369601606963509e-05,-0.008862629246676515,-8.369601606963509e-05,6,677,0.49,-0.002063174400132043,0.0,0.0723781388478582,0.0,0.0010671242048878474,-0.0723781388478582,-0.0010671242048878474,6,677
2306.08340,0.2,-0.0002063174400132043,0.0,0.004424778761061947,0.0,0.0001666076597871587,-0.004424778761061947,-0.0001666076597871587,1,452,0.12,-0.00032986353480283733,0.0,0.02654867256637168,0.001693480101608806,0.0017910323427119562,-0.02654867256637168,-9.755224110315013e-05,1,452
2310.12878,0.6,-0.0002063174400132043,0.0,0.0010891268832819024,0.0,9.310986964618249e-05,-0.0010891268832819024,-9.310986964618249e-05,204,5509,0.62,-0.00119651896746744,0.004901960784313725,0.011072789980032674,0.0,0.0008845437616387337,-0.006170829195718949,-0.0008845437616387337,204,5509
2402.19043,1.0,-0.0002063174400132043,0.0,0.003073140749846343,0.0,0.0,-0.003073140749846343,0.0,29,3254,0.9,-0.00119651896746744,0.034482758620689655,0.027350952673632453,0.0,0.00022116554240849277,0.0071318059470572015,-0.00022116554240849277,29,3254
2403.02159,0.2,0.0006603379926513987,0.0,0.0019120458891013384,0.0008833922261484099,0.00014760770090462434,-0.0019120458891013384,0.0007357845252437855,50,1046,0.47,0.004003413628520178,0.06,0.04206500956022945,0.0035335689045936395,0.0010332539063323703,0.01793499043977055,0.0025003149982612692,50,1046
2501.10890,0.8,0.0006603379926513987,0.0,0.004197271773347324,0.0009328358208955224,2.1476279449348196e-05,-0.004197271773347324,0.0009113595414461742,110,1906,0.55,0.004870069061184781,0.03636363636363636,0.026757607555089193,0.0037313432835820895,0.000880527457423276,0.00960602880854717,0.0028508158261588137,110,1906
2501.13653,1.0,-0.0002063174400132043,0.0,0.002461235540241201,0.0,0.0,-0.002461235540241201,0.0,162,4063,0.97,-0.00119651896746744,0.006172839506172839,0.02362786118631553,0.0,6.755843804891231e-05,-0.01745502168014269,-6.755843804891231e-05,162,4063
astro-ph/0406299,0.4,-0.0002063174400132043,0.0,0.002569043031470777,0.0,0.00012789904502046384,-0.002569043031470777,-0.00012789904502046384,119,1557,0.26,0.0014034473305263688,0.01680672268907563,0.015414258188824663,0.0018814675446848542,0.0015347885402455662,0.001392464500250967,0.00034667900443928804,119,1557
astro-ph/0510756,0.7,0.0006603379926513987,0.008403361344537815,0.0038535645472061657,0.0,6.394952251023192e-05,0.004549796797331649,-6.394952251023192e-05,119,1557,0.39,0.004003413628520178,0.04201680672268908,0.021836865767501604,0.0018814675446848542,0.0012576739427012278,0.020179940955187475,0.0006237936019836264,119,1557
astro-ph/9402047,0.4,0.0006603379926513987,0.0,0.002569043031470777,0.0009407337723424271,0.00010658253751705321,-0.002569043031470777,0.0008341512348253739,119,1557,0.51,0.004870069061184781,0.04201680672268908,0.029543994861913937,0.0028222013170272815,0.0009805593451568896,0.012472811860775142,0.0018416419718703919,119,1557
cond-mat/0109465,0.8,0.0006603379926513987,0.0,0.0034782608695652175,0.0009587727708533077,2.1659555112737983e-05,-0.0034782608695652175,0.0009371132157405698,139,2300,0.8,0.0031367581958555747,0.02877697841726619,0.03304347826086956,0.0019175455417066154,0.0003898719920292837,-0.004266499843603375,0.0015276735496773317,139,2300
cond-mat/0305445,0.1,-0.0002063174400132043,0.0,0.0025380710659898475,0.0,0.000187207488299532,-0.0025380710659898475,-0.000187207488299532,16,394,0.09,0.0031367581958555747,0.0625,0.02030456852791878,0.004288164665523156,0.0017888715548621944,0.04219543147208122,0.002499293110660962,16,394
cond-mat/0306272,0.8,-0.0002063174400132043,0.0,0.004056795131845842,0.0,4.301352775447879e-05,-0.004056795131845842,-4.301352775447879e-05,74,1972,0.6,0.0014034473305263688,0.04054054054054054,0.028904665314401622,0.0009025270758122744,0.0008387637912123363,0.01163587522613892,6.376328459993812e-05,74,1972
cond-mat/0307127,0.8,-0.0002063174400132043,0.0,0.004608294930875576,0.0,4.279631095799542e-05,-0.004608294930875576,-4.279631095799542e-05,122,1736,0.88,0.0005367918978617658,0.02459016393442623,0.048963133640553,0.0,0.0002567778657479725,-0.02437296970612677,-0.0002567778657479725,122,1736
gr-qc/0102040,0.4,0.0015269934253160015,0.016129032258064516,0.0015657620041753654,0.0008928571428571428,0.0001074044637295126,0.01456327025388915,0.0007854526791276303,62,1916,0.3,0.0057367244938493845,0.06451612903225806,0.013569937369519834,0.004464285714285714,0.0013962580284836638,0.05094619166273823,0.00306802768580205,62,1916
hep-lat/0203030,1.0,-0.0002063174400132043,0.0,0.0029542097488921715,0.0,0.0,-0.0029542097488921715,0.0,121,3385,0.47,0.0031367581958555747,0.024793388429752067,0.012998522895125554,0.002827521206409048,0.0011090409014284446,0.011794865534626513,0.0017184803049806036,121,3385
0904.0908,0.4,-0.0002063174400132043,0.0,0.011560693641618497,0.0,0.0001246805062028552,-0.011560693641618497,-0.0001246805062028552,2,346,0.14,-0.00032986353480283733,0.5,0.03757225433526012,0.000847457627118644,0.001766307171207115,0.4624277456647399,-0.000918849544088471,2,346
0912.1238,0.3,-0.0002063174400132043,0.0,0.0033003300330033004,0.0,0.0001471825063078217,-0.0033003300330033004,-0.0001471825063078217,17,909,0.19,-0.002063174400132043,0.0,0.020902090209020903,0.0,0.001703111858704794,-0.020902090209020903,-0.001703111858704794,17,909
1006.1034,0.5,-0.0002063174400132043,0.0,0.005186721991701245,0.0,0.00010525207872855489,-0.005186721991701245,-0.00010525207872855489,25,964,0.51,0.0005367918978617658,0.04,0.05186721991701245,0.001728608470181504,0.0009893695400484159,-0.01186721991701245,0.0007392389301330881,25,964
1201.2312,0.1,-0.0002063174400132043,0.0,0.005681818181818182,0.0,0.00018636241277203736,-0.005681818181818182,-0.00018636241277203736,1,176,0.13,-0.002063174400132043,0.0,0.07386363636363637,0.0,0.0018015033234630277,-0.07386363636363637,-0.0018015033234630277,1,176
1206.4161,0.1,-0.0002063174400132043,0.0,0.004201680672268907,0.0,0.0001866019779809666,-0.004201680672268907,-0.0001866019779809666,3,238,0.02,-0.002063174400132043,0.0,0.008403361344537815,0.0,0.002031888204681636,-0.008403361344537815,-0.002031888204681636,3,238
1210.0472,0.6,-0.0002063174400132043,0.0,0.0054894784995425435,0.0,8.443093549476529e-05,-0.0054894784995425435,-8.443093549476529e-05,8,1093,0.63,-0.002063174400132043,0.0,0.05763952424519671,0.0,0.0007809861533265789,-0.05763952424519671,-0.0007809861533265789,8,1093
1301.6606,0.2,-0.0002063174400132043,,0.023809523809523808,0.0,0.00016534049808825048,,-0.00016534049808825048,0,84,0.09,-0.002063174400132043,,0.10714285714285714,0.0,0.0018807481657538492,,-0.0018807481657538492,0,84
1307.8266,0.2,0.0006603379926513987,0.008928571428571428,0.00036153289949385393,0.0,0.00017504321379340526,0.008567038529077574,-0.00017504321379340526,112,2766,0.22,0.0005367918978617658,0.008928571428571428,0.007592190889370932,0.001869158878504673,0.0016629105310373498,0.0013363805392004957,0.00020624834746732316,112,2766
1405.7605,0.7,-0.0002063174400132043,0.0,0.006013745704467354,0.0,6.341824331466019e-05,-0.006013745704467354,-6.341824331466019e-05,8,1164,0.63,-0.00119651896746744,0.125,0.05326460481099656,0.0,0.0007821583342141423,0.07173539518900343,-0.0007821583342141423,8,1164
1406.7173,0.0,0.0006603379926513987,0.0,0.0,0.0008517887563884157,0.00018732828240779285,0.0,0.0006644604739806228,8,425,0.11,-0.00119651896746744,0.0,0.02588235294117647,0.0008517887563884157,0.0018316543168761968,-0.02588235294117647,-0.000979865560487781,8,425
1407.5034,0.2,-0.0002063174400132043,0.0,0.0009587727708533077,0.0,0.0001724769851023004,-0.0009587727708533077,-0.0001724769851023004,107,2086,0.23,0.0022701027631909718,0.0,0.01102588686481304,0.004651162790697674,0.0015522928659207037,-0.01102588686481304,0.003098869924776971,107,2086
1407.6234,0.5,-0.0002063174400132043,0.0,0.004084967320261438,0.0,0.00010583130489998942,-0.004084967320261438,-0.00010583130489998942,8,1224,0.3,-0.002063174400132043,0.0,0.024509803921568627,0.0,0.0014816382685998517,-0.024509803921568627,-0.0014816382685998517,8,1224
1706.09817,0.9,-0.0002063174400132043,0.0,0.01066350710900474,0.0,2.099737532808399e-05,-0.01066350710900474,-2.099737532808399e-05,7,844,0.71,-0.00032986353480283733,0.2857142857142857,0.08175355450236967,0.0,0.0006089238845144357,0.20396073121191605,-0.0006089238845144357,7,844
1708.07616,0.0,0.0015269934253160015,0.0,0.0,0.0016963528413910093,0.00016540545010958112,0.0,0.0015309473912814282,3,103,0.07,0.0014034473305263688,0.0,0.06796116504854369,0.0033927056827820186,0.0018401356324690898,-0.06796116504854369,0.0015525700503129288,3,103
1709.03567,1.0,0.0006603379926513987,0.006211180124223602,0.002124645892351275,0.0,0.0,0.004086534231872327,0.0,161,4236,1.0,0.0022701027631909718,0.031055900621118012,0.02242681775259679,0.0,0.0,0.008629082868521223,0.0,161,4236
1903.07788,1.0,-0.0002063174400132043,0.0,0.0014781966001478197,0.0,0.0,-0.0014781966001478197,0.0,65,6765,0.89,-0.00032986353480283733,0.03076923076923077,0.012860310421286032,0.0,0.0002637636677536927,0.017908920347944737,-0.0002637636677536927,65,6765
1906.01749,0.9,-0.0002063174400132043,0.0,0.00513405590416429,0.0,2.1405942289579588e-05,-0.00513405590416429,-2.1405942289579588e-05,20,1753,0.68,0.0005367918978617658,0.1,0.037649743297204795,0.0008605851979345956,0.0006635842109769672,0.06235025670279521,0.00019700098695762838,20,1753
1909.06599,0.4,-0.0002063174400132043,0.0,0.01639344262295082,0.0,0.0001244167962674961,-0.01639344262295082,-0.0001244167962674961,2,244,0.29,-0.002063174400132043,0.0,0.11885245901639344,0.0,0.001472265422498704,-0.11885245901639344,-0.001472265422498704,2,244
1910.13320,0.0,-0.0002063174400132043,0.0,0.0,0.0,0.0002156287735035363,0.0,-0.0002156287735035363,13,2093,0.18,-0.002063174400132043,0.0,0.008600095556617296,0.0,0.0017681559427289977,-0.008600095556617296,-0.0017681559427289977,13,2093
2108.04364,0.2,0.0006603379926513987,0.0,0.003389830508474576,0.000851063829787234,0.00014620188391570416,-0.003389830508474576,0.0007048619458715298,7,590,0.26,-0.00032986353480283733,0.0,0.04406779661016949,0.001702127659574468,0.0015037908059901,-0.04406779661016949,0.00019833685358436803,7,590
2208.08910,0.5,-0.0002063174400132043,0.0,0.0010820168794633195,0.0,0.00011403028644407955,-0.0010820168794633195,-0.00011403028644407955,46,4621,0.42,-0.002063174400132043,0.0,0.009088941787491886,0.0,0.0013227513227513227,-0.009088941787491886,-0.0013227513227513227,46,4621
2209.06915,0.2,-0.0002063174400132043,0.0,0.002369668246445498,0.0,0.00016797900262467192,-0.002369668246445498,-0.00016797900262467192,7,844,0.18,-0.00032986353480283733,0.14285714285714285,0.02014218009478673,0.000851063829787234,0.0017007874015748032,0.12271496276235612,-0.0008497235717875692,7,844
2212.12533,0.8,-0.0002063174400132043,0.0,0.00128783000643915,0.0,4.7329436543057955e-05,-0.00128783000643915,-4.7329436543057955e-05,55,6212,0.53,-0.00119651896746744,0.01818181818181818,0.008370895041854474,0.0,0.0011122417587618619,0.009810923139963706,-0.0011122417587618619,55,6212
2301.00995,1.0,-0.0002063174400132043,0.0,0.0033211557622052474,0.0,0.0,-0.0033211557622052474,0.0,116,3011,0.91,0.0014034473305263688,0.02586206896551724,0.029226170707406178,0.0009380863039399625,0.00017598662501649875,-0.003364101741888937,0.0007620996789234637,116,3011
2303.13061,1.0,-0.0002063174400132043,0.0,0.006662225183211193,0.0,0.0,-0.006662225183211193,0.0,10,1501,0.49,-0.002063174400132043,0.0,0.03264490339773484,0.0,0.0010858456821665815,-0.03264490339773484,-0.0010858456821665815,10,1501
2306.09396,0.5,0.0006603379926513987,0.0,0.0010602205258693808,0.0008787346221441124,9.142230247068773e-05,-0.0010602205258693808,0.0007873123196734247,44,4716,0.4,-0.00032986353480283733,0.022727272727272728,0.00826972010178117,0.0008787346221441124,0.001348478961442644,0.014457552625491558,-0.00046974433929853157,44,4716
2311.04887,0.0,-0.0002063174400132043,0.0,0.0,0.0,0.00020706934752448596,0.0,-0.00020706934752448596,1,176,0.12,-0.002063174400132043,0.0,0.06818181818181818,0.0,0.0018222102582154765,-0.06818181818181818,-0.0018222102582154765,1,176
2402.13632,0.4,-0.0002063174400132043,0.0,0.029197080291970802,0.0,0.0001241413556236034,-0.029197080291970802,-0.0001241413556236034,1,137,0.14,-0.00119651896746744,0.0,0.10218978102189781,0.000846740050804403,0.0017586692046677149,-0.10218978102189781,-0.0009119291538633119,1,137
2403.00206,1.0,-0.0002063174400132043,0.0,0.0031877590054191903,0.0,0.0,-0.0031877590054191903,0.0,29,3137,0.93,-0.00119651896746744,0.034482758620689655,0.029327382849856552,0.0,0.00015441630636195183,0.0051553757708331024,-0.00015441630636195183,29,3137
2406.03496,1.0,-0.0002063174400132043,0.0,0.0014545454545454545,0.0,0.0,-0.0014545454545454545,0.0,62,6875,0.76,-0.00119651896746744,0.016129032258064516,0.01090909090909091,0.0,0.0005770062989854306,0.005219941348973606,-0.0005770062989854306,62,6875
2406.11548,1.0,-0.0002063174400132043,0.0,0.001682085786375105,0.0,0.0,-0.001682085786375105,0.0,50,5945,0.87,-0.002063174400132043,0.0,0.014634146341463415,0.0,0.0003057097168657699,-0.014634146341463415,-0.0003057097168657699,50,5945
2407.19484,0.9,0.0006603379926513987,0.14285714285714285,0.009478672985781991,0.0,2.099737532808399e-05,0.13337846987136087,-2.099737532808399e-05,7,844,0.59,-0.00119651896746744,0.14285714285714285,0.06872037914691943,0.0,0.0008608923884514436,0.07413676371022342,-0.0008608923884514436,7,844
2410.13034,1.0,-0.0002063174400132043,0.0,0.0030349013657056147,0.0,0.0,-0.0030349013657056147,0.0,30,3295,0.95,-0.002063174400132043,0.0,0.028831562974203338,0.0,0.00011068313631735069,-0.028831562974203338,-0.00011068313631735069,30,3295
2501.05536,0.8,-0.0002063174400132043,0.0,0.006872852233676976,0.0,4.2278828876440124e-05,-0.006872852233676976,-4.2278828876440124e-05,8,1164,0.46,-0.002063174400132043,0.0,0.03951890034364261,0.0,0.0011415283796638834,-0.03951890034364261,-0.0011415283796638834,8,1164
2502.16753,0.2,-0.0002063174400132043,0.0,0.0024783147459727386,0.0,0.0001678486005622928,-0.0024783147459727386,-0.0001678486005622928,5,807,0.22,-0.00032986353480283733,0.0,0.027261462205700124,0.0016992353440951572,0.0015945617053417817,-0.027261462205700124,0.0001046736387533755,5,807
2502.20795,0.7,-0.0002063174400132043,0.0,0.003993154592127781,0.0,6.421782686873876e-05,-0.003993154592127781,-6.421782686873876e-05,20,1753,0.68,-0.00119651896746744,0.05,0.03822019395322305,0.0,0.0006849901532665468,0.011779806046776954,-0.0006849901532665468,20,1753
2503.16930,1.0,-0.0002063174400132043,0.0,0.0031877590054191903,0.0,0.0,-0.0031877590054191903,0.0,29,3137,0.96,-0.002063174400132043,0.0,0.030602486452024225,0.0,8.823788934968675e-05,-0.030602486452024225,-8.823788934968675e-05,29,3137
2505.15283,0.2,-0.0002063174400132043,0.0,0.00100150225338007,0.0,0.00017214666896195557,-0.00100150225338007,-0.00017214666896195557,19,1997,0.16,-0.00119651896746744,0.0,0.00801201802704056,0.0008598452278589854,0.0017860216904802893,-0.00801201802704056,-0.0009261764626213039,19,1997
2505.23969,0.0,-0.0002063174400132043,0.0,0.0,0.0,0.00020700933612105907,0.0,-0.00020700933612105907,4,162,0.04,-0.002063174400132043,0.0,0.024691358024691357,0.0,0.001987289626762167,-0.024691358024691357,-0.001987289626762167,4,162
2508.08818,0.1,-0.0002063174400132043,0.0,0.001639344262295082,0.0,0.00018805240393656366,-0.001639344262295082,-0.00018805240393656366,4,610,0.06,-0.002063174400132043,0.0,0.009836065573770493,0.0,0.0019641028855596648,-0.009836065573770493,-0.0019641028855596648,4,610
2509.24344,0.1,-0.0002063174400132043,0.0,0.002457002457002457,0.0,0.00018725812492197577,-0.002457002457002457,-0.00018725812492197577,3,407,0.02,-0.00032986353480283733,0.0,0.004914004914004914,0.0016963528413910093,0.001997419999167742,-0.004914004914004914,-0.00030106715777673257,3,407
2511.02535,0.7,-0.0002063174400132043,0.0,0.004166666666666667,0.0,6.411763448673833e-05,-0.004166666666666667,-6.411763448673833e-05,41,1680,0.44,0.0014034473305263688,0.024390243902439025,0.025595238095238095,0.0026292725679228747,0.0011327448759323772,-0.0012049941927990693,0.0014965276919904976,41,1680
2512.09874,0.8,0.0006603379926513987,0.02040816326530612,0.001221001221001221,0.0,4.6798951703481845e-05,0.0191871620443049,-4.6798951703481845e-05,49,5733,0.51,-0.00032986353480283733,0.02040816326530612,0.008721437292865864,0.00088261253309797,0.0011231748408835642,0.011686725972440257,-0.00024056230778559415,49,5733
2603.01074,0.9,-0.0002063174400132043,0.0,0.0028689831048772712,0.0,2.2059472337421688e-05,-0.0028689831048772712,-2.2059472337421688e-05,29,3137,0.91,-0.00119651896746744,0.034482758620689655,0.028689831048772714,0.0,0.0001985352510367952,0.005792927571916941,-0.0001985352510367952,29,3137
2603.15074,0.9,-0.0002063174400132043,0.0,0.011292346298619825,0.0,2.09766739385803e-05,-0.011292346298619825,-2.09766739385803e-05,11,797,0.47,-0.00032986353480283733,0.09090909090909091,0.05771643663739021,0.0008539709649871904,0.0010907870448061754,0.0331926542717007,-0.00023681607981898502,11,797
2603.17536,0.6,-0.0002063174400132043,0.0,0.0021321961620469083,0.0,8.761362391851932e-05,-0.0021321961620469083,-8.761362391851932e-05,27,2814,0.48,-0.00119651896746744,0.0,0.017057569296375266,0.0008658008658008658,0.0011170737049611215,-0.017057569296375266,-0.0002512728391602557,27,2814
2603.28815,0.9,-0.0002063174400132043,0.0,0.002554640931024695,0.0,2.2248920927335023e-05,-0.002554640931024695,-2.2248920927335023e-05,19,3523,0.71,-0.002063174400132043,0.0,0.02015327845586148,0.0,0.0006452187068927157,-0.02015327845586148,-0.0006452187068927157,19,3523
2605.21580,0.6,0.0015269934253160015,0.008264462809917356,0.0017699115044247787,0.000942507068803016,6.572605380772938e-05,0.006494551305492577,0.0008767810149952866,121,2825,0.67,0.0022701027631909718,0.024793388429752067,0.02265486725663717,0.001885014137606032,0.0006791692226798703,0.0021385211731148983,0.0012058449149261617,121,2825
cond-mat/0401469,0.4,-0.0002063174400132043,0.0,0.002612671456564337,0.0,0.0001278281989006775,-0.002612671456564337,-0.0001278281989006775,57,1531,0.37,0.0014034473305263688,0.03508771929824561,0.022860875244937948,0.0017777777777777779,0.0012995866888235545,0.012226844053307664,0.0004781910889542233,57,1531
cond-mat/0504200,0.9,-0.0002063174400132043,0.0,0.005373134328358209,0.0,2.1370261144591188e-05,-0.005373134328358209,-2.1370261144591188e-05,85,1675,0.7,-0.00119651896746744,0.011764705882352941,0.04119402985074627,0.0,0.0006411078343377356,-0.02942932396839333,-0.0006411078343377356,85,1675
hep-ph/0310257,1.0,-0.0002063174400132043,0.0,0.003222687721559781,0.0,0.0,-0.003222687721559781,0.0,113,3103,0.79,0.0014034473305263688,0.02654867256637168,0.024492426683854335,0.0009354536950420954,0.00044085879292862497,0.0020562458825173456,0.0004945949021134704,113,3103
hep-th/9505153,0.3,0.0006603379926513987,0.0,0.0010402219140083217,0.0009285051067780873,0.00013162224415926292,-0.0010402219140083217,0.0007968828626188243,105,2884,0.23,0.0005367918978617658,0.009523809523809525,0.0076282940360610264,0.0018570102135561746,0.0016452780519907865,0.0018955154877484982,0.0002117321615653881,105,2884
math-ph/0207040,0.0,-0.0002063174400132043,0.0,0.0,0.0,0.000212521783482807,0.0,-0.000212521783482807,26,1415,0.06,-0.002063174400132043,0.0,0.004240282685512367,0.0,0.001997704764738386,-0.004240282685512367,-0.001997704764738386,26,1415
