query_arxiv_id,rank,score,doc_arxiv_id,orig_rank,privileged,relevant,min_underrep_share
0712.3875,1,0.922892689704895,2102.12545,1,False,True,0.967
0712.3875,2,0.9216469526290894,1001.0862,2,False,True,0.967
0712.3875,3,0.9170727729797364,1512.02298,3,False,True,0.967
0712.3875,4,0.9164760112762452,math/0610538,4,False,False,0.967
0712.3875,5,0.913642168045044,2410.18152,5,False,True,0.967
0712.3875,6,0.9128798842430116,0904.0088,6,False,False,0.967
0712.3875,7,0.9128657579421996,0910.5639,7,False,False,0.967
0712.3875,8,0.911392629146576,2105.13286,8,False,False,0.967
0712.3875,9,0.9095832109451294,1608.00922,9,False,False,0.967
0712.3875,10,0.9084792137145996,math/0606720,10,False,True,0.967
0904.0908,1,0.8930078148841858,2002.12901,1,False,True,0.967
0904.0908,2,0.8905916810035706,math/0206269,2,False,False,0.967
0904.0908,3,0.890512228012085,hep-th/9312123,3,False,False,0.967
0904.0908,4,0.8891717791557312,1507.00711,4,False,True,0.967
0904.0908,5,0.8856091499328613,2205.14562,5,True,True,0.967
0904.0908,6,0.8851100206375122,math/0404051,6,False,False,0.967
0904.0908,7,0.8847947120666504,1812.03597,7,False,False,0.967
0904.0908,8,0.8826619386672974,2305.09375,8,False,False,0.967
0904.0908,9,0.8826504945755005,1612.03945,9,False,False,0.967
0904.0908,10,0.8823421597480774,math/0305170,10,False,True,0.967
0912.1238,1,0.7684512734413147,1801.04971,1,False,True,0.967
0912.1238,2,0.7600616812705994,1906.10468,2,False,False,0.967
0912.1238,3,0.7572973370552063,2506.06081,3,False,False,0.967
0912.1238,4,0.7475300431251526,2204.09747,4,False,False,0.967
0912.1238,5,0.7456259727478027,2411.10488,5,False,True,0.967
0912.1238,6,0.7437983155250549,1610.09058,6,False,False,0.967
0912.1238,7,0.740045428276062,2204.02216,7,False,False,0.967
0912.1238,8,0.7397463321685791,math/0507031,8,False,False,0.967
0912.1238,9,0.7341170907020569,2506.21297,9,False,False,0.967
0912.1238,10,0.7336960434913635,2404.13178,10,False,True,0.967
0912.4838,1,0.9287530779838562,gr-qc/0212059,1,False,True,0.967
0912.4838,2,0.919019103050232,1311.4172,2,False,True,0.967
0912.4838,3,0.91754412651062,1712.09364,3,False,True,0.967
0912.4838,4,0.916389226913452,1402.4141,4,False,False,0.967
0912.4838,5,0.9140012860298156,1002.1560,5,False,True,0.967
0912.4838,6,0.9133588075637816,hep-ph/9907218,6,True,False,0.967
0912.4838,7,0.912872076034546,hep-th/0105320,7,False,False,0.967
0912.4838,8,0.9108883142471312,hep-th/0409055,8,False,False,0.967
0912.4838,9,0.9104834794998168,0704.1035,9,False,True,0.967
0912.4838,10,0.9099209308624268,1909.11353,10,False,True,0.967
1002.4743,1,0.8862809538841248,physics/0304042,1,False,True,0.967
1002.4743,2,0.8819962739944458,hep-ph/9911277,2,False,False,0.967
1002.4743,3,0.8706430196762085,2009.09651,3,False,True,0.967
1002.4743,4,0.8664771318435669,1609.02878,4,False,False,0.967
1002.4743,5,0.8646796345710754,2209.01049,5,False,True,0.967
1002.4743,6,0.8640591502189636,1810.01354,6,False,True,0.967
1002.4743,7,0.856191098690033,astro-ph/0201454,7,False,False,0.967
1002.4743,8,0.854314923286438,1412.5105,8,False,False,0.967
1002.4743,9,0.8537083268165588,2304.09480,9,False,False,0.967
1002.4743,10,0.8537032604217529,physics/0402107,10,False,True,0.967
1006.1034,1,0.9201339483261108,1108.3339,1,False,False,0.967
1006.1034,2,0.9144646525382996,1808.10760,2,False,True,0.967
1006.1034,3,0.9103507995605468,hep-ph/0702286,3,False,False,0.967
1006.1034,4,0.9097834825515748,0902.2752,4,False,False,0.967
1006.1034,5,0.9093729257583618,hep-ph/9505301,5,False,False,0.967
1006.1034,6,0.9080944061279296,1310.5917,6,False,True,0.967
1006.1034,7,0.9037288427352904,1205.6685,7,False,True,0.967
1006.1034,8,0.9023832082748412,1701.06843,8,False,True,0.967
1006.1034,9,0.8987873792648315,hep-ph/0208026,9,False,False,0.967
1006.1034,10,0.8985910415649414,1810.10916,10,False,True,0.967
1006.1997,1,0.8903019428253174,1307.3750,1,False,True,0.967
1006.1997,2,0.878655195236206,2512.05891,2,False,True,0.967
1006.1997,3,0.8751435279846191,1608.02223,3,False,False,0.967
1006.1997,4,0.8729391098022461,1005.1423,4,False,False,0.967
1006.1997,5,0.8703345060348511,1005.1949,5,False,True,0.967
1006.1997,6,0.869151771068573,1402.5499,6,False,False,0.967
1006.1997,7,0.8689258098602295,1112.1429,7,False,False,0.967
1006.1997,8,0.8685050010681152,1407.8519,8,False,False,0.967
1006.1997,9,0.8678808212280273,1606.08517,9,True,False,0.967
1006.1997,10,0.8678098917007446,1409.2249,10,False,False,0.967
1008.4682,1,0.9287160634994508,cond-mat/0311090,1,False,False,0.967
1008.4682,2,0.8983466625213623,cond-mat/0108354,2,False,False,0.967
1008.4682,3,0.8974156379699707,1108.1740,3,False,False,0.967
1008.4682,4,0.8955913782119751,1906.10069,4,False,False,0.967
1008.4682,5,0.893229067325592,1311.1031,5,False,False,0.967
1008.4682,6,0.8931012749671936,cond-mat/0011174,6,False,False,0.967
1008.4682,7,0.8911471962928772,1812.00036,7,False,False,0.967
1008.4682,8,0.8911083340644836,2312.13144,8,False,False,0.967
1008.4682,9,0.8901207447052002,cond-mat/9707221,9,False,False,0.967
1008.4682,10,0.8885402083396912,2208.08452,10,False,False,0.967
1109.5817,1,0.810815691947937,0707.0450,1,True,False,0.967
1109.5817,2,0.8044816255569458,2112.02495,2,False,False,0.967
1109.5817,3,0.79732745885849,1109.2683,3,False,False,0.967
1109.5817,4,0.7851241827011108,1908.05693,4,False,False,0.967
1109.5817,5,0.7840358018875122,1105.5492,5,False,True,0.967
1109.5817,6,0.7838758230209351,2503.18475,6,False,False,0.967
1109.5817,7,0.7825878858566284,1502.03059,7,False,False,0.967
1109.5817,8,0.7801763415336609,2405.05961,8,False,False,0.967
1109.5817,9,0.776075005531311,physics/9701017,9,False,False,0.967
1109.5817,10,0.776038646697998,hep-ph/0012308,10,False,True,0.967
1112.4003,1,0.8459302186965942,0708.3525,1,False,False,0.967
1112.4003,2,0.8422719836235046,nucl-th/9912073,2,False,False,0.967
1112.4003,3,0.8396286964416504,1907.00154,3,False,False,0.967
1112.4003,4,0.8394958972930908,2212.14081,4,False,True,0.967
1112.4003,5,0.838936984539032,hep-th/0106021,5,False,False,0.967
1112.4003,6,0.8360422253608704,1802.10169,6,False,False,0.967
1112.4003,7,0.8358808755874634,physics/0110092,7,False,False,0.967
1112.4003,8,0.831850528717041,1903.05070,8,False,False,0.967
1112.4003,9,0.8276032209396362,0801.0319,9,False,False,0.967
1112.4003,10,0.8271293044090271,1206.4376,10,False,False,0.967
1201.2312,1,0.8164875507354736,2109.05329,1,False,False,0.967
1201.2312,2,0.8109689950942993,2107.05516,2,False,False,0.967
1201.2312,3,0.8047131299972534,1310.4218,3,False,False,0.967
1201.2312,4,0.8026601672172546,1903.10402,4,False,False,0.967
1201.2312,5,0.7995870113372803,1505.07502,5,False,False,0.967
1201.2312,6,0.7969391942024231,1501.02175,6,False,False,0.967
1201.2312,7,0.794950544834137,1503.08877,7,False,False,0.967
1201.2312,8,0.7899892330169678,1902.04789,8,False,False,0.967
1201.2312,9,0.789085865020752,1910.11110,9,False,False,0.967
1201.2312,10,0.7886892557144165,2111.03881,10,False,True,0.967
1206.4161,1,0.8669954538345337,2012.00730,1,False,False,0.967
1206.4161,2,0.8662408590316772,math/0211395,2,False,False,0.967
1206.4161,3,0.8623225092887878,2106.02924,3,False,False,0.967
1206.4161,4,0.8579137325286865,2001.07414,4,False,False,0.967
1206.4161,5,0.853736400604248,math/0703894,5,False,True,0.967
1206.4161,6,0.8503520488739014,1302.2419,6,False,False,0.967
1206.4161,7,0.8498356342315674,1305.1860,7,False,False,0.967
1206.4161,8,0.8487724661827087,1305.1867,8,False,False,0.967
1206.4161,9,0.8475281000137329,1301.5507,9,False,False,0.967
1206.4161,10,0.8459829092025757,1808.06278,10,False,False,0.967
1210.0472,1,0.9143335819244384,1708.06287,1,False,False,0.967
1210.0472,2,0.913578987121582,1912.07171,2,False,True,0.967
1210.0472,3,0.9120279550552368,math/0006237,3,False,True,0.967
1210.0472,4,0.9113069772720336,1001.0409,4,False,True,0.967
1210.0472,5,0.9101277589797974,1905.08345,5,False,True,0.967
1210.0472,6,0.9096825122833252,1705.10658,6,False,False,0.967
1210.0472,7,0.908455491065979,2509.09548,7,False,True,0.967
1210.0472,8,0.9081717133522034,1405.3587,8,False,True,0.967
1210.0472,9,0.908009111881256,0806.4096,9,False,False,0.967
1210.0472,10,0.9076064825057985,1601.00052,10,False,False,0.967
1301.6606,1,0.8939446210861206,1601.00052,1,False,False,0.967
1301.6606,2,0.8922591805458069,0711.2769,2,False,False,0.967
1301.6606,3,0.890057384967804,1305.1867,3,False,False,0.967
1301.6606,4,0.8859871029853821,2302.01685,4,False,False,0.967
1301.6606,5,0.8854249715805054,1103.2610,5,False,False,0.967
1301.6606,6,0.8808555006980896,1609.09842,6,False,False,0.967
1301.6606,7,0.8805686235427856,math/0608187,7,False,True,0.967
1301.6606,8,0.8725001215934753,1207.3381,8,False,True,0.967
1301.6606,9,0.8711135983467102,1307.3649,9,False,False,0.967
1301.6606,10,0.871008038520813,1203.2888,10,False,False,0.967
1307.8266,1,0.8798855543136597,1103.5083,1,False,True,0.967
1307.8266,2,0.8666768670082092,2410.19045,2,False,False,0.967
1307.8266,3,0.8576866984367371,hep-ph/9903250,3,False,False,0.967
1307.8266,4,0.8569468855857849,astro-ph/0610962,4,False,False,0.967
1307.8266,5,0.8565807938575745,1901.04752,5,False,False,0.967
1307.8266,6,0.8542639017105103,physics/0611055,6,False,False,0.967
1307.8266,7,0.8537329435348511,1602.03765,7,False,False,0.967
1307.8266,8,0.8526347279548645,1808.10760,8,False,False,0.967
1307.8266,9,0.8520016670227051,2003.13615,9,False,False,0.967
1307.8266,10,0.8517783880233765,2602.05700,10,False,True,0.967
1311.2773,1,0.8978182077407837,2506.10185,1,False,True,0.967
1311.2773,2,0.8955985307693481,0905.1723,2,False,True,0.967
1311.2773,3,0.8873429298400879,quant-ph/0408116,3,False,True,0.967
1311.2773,4,0.8838520646095276,1812.05142,4,False,True,0.967
1311.2773,5,0.8834937214851379,quant-ph/0310041,5,False,True,0.967
1311.2773,6,0.8830645084381104,1810.12949,6,True,True,0.967
1311.2773,7,0.8822041749954224,quant-ph/0210046,7,False,True,0.967
1311.2773,8,0.881447970867157,1609.02170,8,False,True,0.967
1311.2773,9,0.8809995055198669,1203.0861,9,False,True,0.967
1311.2773,10,0.8801738619804382,1803.02708,10,False,True,0.967
1401.1090,1,0.8965469598770142,math/0310482,1,False,False,0.967
1401.1090,2,0.8943660855293274,math/0505150,2,False,False,0.967
1401.1090,3,0.8921326398849487,2505.00314,3,False,False,0.967
1401.1090,4,0.8901110291481018,2312.02876,4,False,False,0.967
1401.1090,5,0.8880677223205566,math/0610790,5,False,True,0.967
1401.1090,6,0.887772262096405,math/0012048,6,False,False,0.967
1401.1090,7,0.8847345113754272,2406.03347,7,False,True,0.967
1401.1090,8,0.8769329190254211,2605.26499,8,False,False,0.967
1401.1090,9,0.87363600730896,1711.03126,9,False,False,0.967
1401.1090,10,0.8735256791114807,2208.00421,10,True,False,0.967
1405.7605,1,0.9018475413322448,2401.04542,1,False,True,0.967
1405.7605,2,0.8951573967933655,1604.05454,2,False,True,0.967
1405.7605,3,0.8947697877883911,2602.17411,3,False,True,0.967
1405.7605,4,0.8908694386482239,1711.10998,4,False,True,0.967
1405.7605,5,0.8884679079055786,0807.4683,5,False,False,0.967
1405.7605,6,0.8878446221351624,2309.04007,6,True,True,0.967
1405.7605,7,0.8858436942100525,2311.15409,7,False,True,0.967
1405.7605,8,0.8827131390571594,2409.17797,8,False,True,0.967
1405.7605,9,0.8826878666877747,2001.03077,9,False,False,0.967
1405.7605,10,0.8824394345283508,math/9305205,10,False,False,0.967
1406.7173,1,0.8887488842010498,1706.00411,1,False,False,0.967
1406.7173,2,0.8877652883529663,1304.6899,2,False,False,0.967
1406.7173,3,0.8867401480674744,1501.01822,3,False,False,0.967
1406.7173,4,0.8816792964935303,2306.16309,4,False,False,0.967
1406.7173,5,0.87691730260849,1704.03459,5,True,False,0.967
1406.7173,6,0.8758436441421509,2208.09660,6,False,False,0.967
1406.7173,7,0.8755528330802917,cond-mat/0011174,7,False,False,0.967
1406.7173,8,0.8707301020622253,2006.15532,8,False,False,0.967
1406.7173,9,0.868154764175415,2106.10539,10,False,False,0.967
1406.7173,10,0.8672998547554016,2308.02895,11,False,False,0.967
1407.5034,1,0.8852494359016418,1104.3540,1,False,False,0.967
1407.5034,2,0.8771956562995911,1911.06451,2,False,False,0.967
1407.5034,3,0.8694769144058228,cond-mat/9705230,3,False,False,0.967
1407.5034,4,0.8639166951179504,2409.08452,4,False,True,0.967
1407.5034,5,0.857361912727356,1810.11566,5,False,False,0.967
1407.5034,6,0.8558683395385742,1802.07356,6,False,False,0.967
1407.5034,7,0.8531054258346558,1403.2969,7,False,False,0.967
1407.5034,8,0.8505547046661377,1612.04574,8,False,False,0.967
1407.5034,9,0.8500399589538574,0909.0554,9,False,False,0.967
1407.5034,10,0.8489313721656799,0810.1946,10,False,True,0.967
1407.5447,1,0.889706015586853,1211.0704,1,False,False,0.967
1407.5447,2,0.8813188076019287,1810.02989,2,False,False,0.967
1407.5447,3,0.874713659286499,1305.5884,3,False,False,0.967
1407.5447,4,0.8667866587638855,1510.05938,4,False,False,0.967
1407.5447,5,0.8640920519828796,1009.2858,5,False,False,0.967
1407.5447,6,0.8622841238975525,1005.1749,6,False,False,0.967
1407.5447,7,0.8616312742233276,0902.0558,7,False,False,0.967
1407.5447,8,0.861280083656311,1906.00284,8,False,False,0.967
1407.5447,9,0.8555265069007874,1012.0375,9,False,False,0.967
1407.5447,10,0.8552056550979614,2405.02694,10,False,False,0.967
1407.6234,1,0.904028594493866,2407.19047,1,False,True,0.967
1407.6234,2,0.8814727067947388,1608.04570,2,False,True,0.967
1407.6234,3,0.8810786604881287,2312.17302,3,False,False,0.967
1407.6234,4,0.8797619938850403,1604.05454,4,False,True,0.967
1407.6234,5,0.878835916519165,2502.04743,5,False,True,0.967
1407.6234,6,0.8731281161308289,0807.4302,6,False,False,0.967
1407.6234,7,0.8717983961105347,math/0104151,7,False,False,0.967
1407.6234,8,0.8710632920265198,1702.08128,8,False,False,0.967
1407.6234,9,0.8693252801895142,2309.09966,9,False,False,0.967
1407.6234,10,0.8681305646896362,1804.01510,10,False,True,0.967
1408.3524,1,0.8170909881591797,1502.00216,1,False,True,0.967
1408.3524,2,0.7931361198425293,1506.04783,2,False,True,0.967
1408.3524,3,0.7783597111701965,0805.3639,3,False,False,0.967
1408.3524,4,0.759825587272644,1502.05611,4,False,True,0.967
1408.3524,5,0.75825035572052,2007.13557,5,False,True,0.967
1408.3524,6,0.7576174736022949,2109.13950,6,False,True,0.967
1408.3524,7,0.7573293447494507,1401.5750,7,False,True,0.967
1408.3524,8,0.7479653358459473,2310.06608,8,False,False,0.967
1408.3524,9,0.7395886182785034,1310.3056,9,False,False,0.967
1408.3524,10,0.7384068965911865,1409.5607,10,False,False,0.967
1502.07238,1,0.8364731669425964,1004.3155,1,False,True,0.967
1502.07238,2,0.82796311378479,0809.0514,2,False,True,0.967
1502.07238,3,0.8246121406555176,2602.20897,3,False,True,0.967
1502.07238,4,0.8169533014297485,1903.04291,4,False,True,0.967
1502.07238,5,0.8139567971229553,1401.2619,5,False,True,0.967
1502.07238,6,0.8115792870521545,2604.05298,6,False,False,0.967
1502.07238,7,0.8100283741950989,0907.2167,7,False,True,0.967
1502.07238,8,0.8017804026603699,cond-mat/0207598,8,False,False,0.967
1502.07238,9,0.8009830117225647,2409.14311,9,False,True,0.967
1502.07238,10,0.7991273403167725,1901.06790,10,False,False,0.967
1508.01238,1,0.8896661400794983,0902.1875,1,False,False,0.967
1508.01238,2,0.8874257802963257,1005.3550,2,False,True,0.967
1508.01238,3,0.8852574229240417,2103.15192,3,False,False,0.967
1508.01238,4,0.8839154839515686,1708.06287,4,False,False,0.967
1508.01238,5,0.8827953338623047,math/0409534,5,False,False,0.967
1508.01238,6,0.8825337886810303,2509.06123,6,False,False,0.967
1508.01238,7,0.8823134899139404,0901.0235,7,False,True,0.967
1508.01238,8,0.881963312625885,1201.5186,8,False,False,0.967
1508.01238,9,0.8814605474472046,0906.5525,9,False,True,0.967
1508.01238,10,0.8801308274269104,2402.06961,10,False,False,0.967
1508.07619,1,0.9011428356170654,2211.05264,1,False,False,0.967
1508.07619,2,0.893604576587677,1508.06903,2,False,False,0.967
1508.07619,3,0.8902509212493896,2106.01201,3,False,False,0.967
1508.07619,4,0.8893929123878479,0710.1246,4,False,False,0.967
1508.07619,5,0.8860558271408081,1210.8029,5,False,False,0.967
1508.07619,6,0.8840882778167725,1105.3221,6,False,False,0.967
1508.07619,7,0.883280336856842,1507.06022,7,False,False,0.967
1508.07619,8,0.882412314414978,1604.01546,8,False,False,0.967
1508.07619,9,0.8811933398246765,2005.06295,9,False,False,0.967
1508.07619,10,0.8803213834762573,2507.10888,10,False,False,0.967
1511.05420,1,0.9090842604637146,0704.1136,1,False,True,0.967
1511.05420,2,0.8752458095550537,1207.6810,2,False,True,0.967
1511.05420,3,0.8663314580917358,2606.11413,3,False,True,0.967
1511.05420,4,0.8511368632316589,2406.03588,4,False,True,0.967
1511.05420,5,0.847764790058136,1902.02957,5,False,True,0.967
1511.05420,6,0.8428878784179688,0808.0475,6,False,True,0.967
1511.05420,7,0.8404116630554199,gr-qc/0611133,7,False,True,0.967
1511.05420,8,0.839647114276886,2404.18964,8,False,True,0.967
1511.05420,9,0.8393361568450928,2403.19261,9,False,False,0.967
1511.05420,10,0.8370833992958069,1611.04454,10,False,False,0.967
1603.04165,1,0.9022437334060668,0902.3502,1,False,True,0.967
1603.04165,2,0.8897757530212402,1805.10092,2,False,True,0.967
1603.04165,3,0.8880254030227661,2110.03530,3,False,False,0.967
1603.04165,4,0.8879072070121765,1411.2460,4,False,True,0.967
1603.04165,5,0.8876206278800964,hep-th/0006127,5,False,True,0.967
1603.04165,6,0.8855258226394653,2004.02909,6,False,True,0.967
1603.04165,7,0.8850322961807251,2112.03628,7,False,False,0.967
1603.04165,8,0.883479118347168,1208.1307,8,True,True,0.967
1603.04165,9,0.8823890089988708,2507.15943,9,False,True,0.967
1603.04165,10,0.8813961744308472,2305.00106,10,False,True,0.967
1604.04601,1,0.9151581525802612,2311.00305,1,False,True,0.967
1604.04601,2,0.9136818647384644,1706.06204,2,False,True,0.967
1604.04601,3,0.9136216044425964,1805.02721,3,False,True,0.967
1604.04601,4,0.907738983631134,1611.07648,4,False,True,0.967
1604.04601,5,0.9046792984008788,1803.03303,5,False,True,0.967
1604.04601,6,0.9045985341072084,1003.0633,6,False,True,0.967
1604.04601,7,0.904390513896942,1806.01181,7,False,True,0.967
1604.04601,8,0.9021626710891724,1301.2741,8,False,True,0.967
1604.04601,9,0.9020392298698424,2111.14602,9,False,True,0.967
1604.04601,10,0.9017212390899658,astro-ph/0512635,10,False,False,0.967
1604.06344,1,0.9405717849731444,astro-ph/0510764,1,False,False,0.967
1604.06344,2,0.9136052131652832,2505.03972,2,False,True,0.967
1604.06344,3,0.9094829559326172,astro-ph/0506231,3,False,False,0.967
1604.06344,4,0.9091320633888244,2402.04443,4,False,True,0.967
1604.06344,5,0.9088881015777588,astro-ph/0506135,5,False,False,0.967
1604.06344,6,0.9082247614860536,0704.2836,6,False,False,0.967
1604.06344,7,0.9077703952789308,1810.00922,7,False,False,0.967
1604.06344,8,0.9072301387786864,astro-ph/0401006,8,False,False,0.967
1604.06344,9,0.9040349721908568,1704.01182,9,False,True,0.967
1604.06344,10,0.9032623767852784,1208.1280,10,False,True,0.967
1612.01800,1,0.8707282543182373,2002.03900,1,False,True,0.967
1612.01800,2,0.8644864559173584,cond-mat/0009324,2,False,True,0.967
1612.01800,3,0.8626002073287964,1905.03829,3,False,True,0.967
1612.01800,4,0.858238935470581,cond-mat/0203195,4,False,False,0.967
1612.01800,5,0.8496435880661011,cond-mat/0102511,5,False,False,0.967
1612.01800,6,0.8488311171531677,1508.04701,6,False,False,0.967
1612.01800,7,0.84501713514328,1505.03849,7,False,False,0.967
1612.01800,8,0.844936728477478,1411.3689,8,False,True,0.967
1612.01800,9,0.8438333868980408,2302.03190,9,False,False,0.967
1612.01800,10,0.8431852459907532,2309.13919,10,False,False,0.967
1706.09817,1,0.8445199728012085,1504.06750,1,False,True,0.967
1706.09817,2,0.8368133902549744,2006.15245,2,False,True,0.967
1706.09817,3,0.8343536853790283,1401.8265,3,False,True,0.967
1706.09817,4,0.8339128494262695,2601.04433,4,False,True,0.967
1706.09817,5,0.8328852653503418,1802.06933,5,False,True,0.967
1706.09817,6,0.828804612159729,2501.00366,6,False,False,0.967
1706.09817,7,0.8275830745697021,1603.08179,7,False,True,0.967
1706.09817,8,0.8251105546951294,1304.2269,8,False,True,0.967
1706.09817,9,0.8244671821594238,2307.15023,9,False,True,0.967
1706.09817,10,0.8242508172988892,1503.05367,10,False,True,0.967
1708.07616,1,0.8402240872383118,2510.12656,1,False,False,0.967
1708.07616,2,0.8386961221694946,2605.09695,2,False,False,0.967
1708.07616,3,0.8341425657272339,cond-mat/0601597,3,False,False,0.967
1708.07616,4,0.8293490409851074,1711.03807,4,False,False,0.967
1708.07616,5,0.8277379870414734,1606.00292,5,False,False,0.967
1708.07616,6,0.8236414194107056,2304.10554,6,False,False,0.967
1708.07616,7,0.8218419551849365,1401.4416,7,False,False,0.967
1708.07616,8,0.8213735222816467,2401.01810,8,False,False,0.967
1708.07616,9,0.8182235956192017,2006.05524,9,False,False,0.967
1708.07616,10,0.8162807822227478,2312.14322,10,False,False,0.967
1709.03567,1,0.9394432306289672,1203.3549,1,False,True,0.967
1709.03567,2,0.9228196144104004,1801.03350,2,False,True,0.967
1709.03567,3,0.920686423778534,0908.4551,3,False,True,0.967
1709.03567,4,0.9183751344680786,2402.19115,4,False,True,0.967
1709.03567,5,0.9143032431602478,1405.3802,5,False,True,0.967
1709.03567,6,0.9115724563598632,2511.10413,6,False,True,0.967
1709.03567,7,0.9094665050506592,nucl-ex/0510052,7,False,True,0.967
1709.03567,8,0.9087997078895568,1510.08239,8,False,True,0.967
1709.03567,9,0.9072707295417786,hep-ph/0310274,9,False,True,0.967
1709.03567,10,0.9058971405029296,2209.08028,10,False,True,0.967
1711.04797,1,0.9000115394592285,1103.5539,1,False,False,0.967
1711.04797,2,0.8900542855262756,0706.2910,2,False,False,0.967
1711.04797,3,0.8808608055114746,1912.10710,3,False,True,0.967
1711.04797,4,0.8762773871421814,2309.04007,4,True,True,0.967
1711.04797,5,0.8719899654388428,1303.2500,5,False,False,0.967
1711.04797,6,0.8670052289962769,2409.18380,6,False,False,0.967
1711.04797,7,0.8666622042655945,2009.05017,7,False,False,0.967
1711.04797,8,0.8647535443305969,2404.08954,8,False,True,0.967
1711.04797,9,0.8643283843994141,2203.03249,9,False,True,0.967
1711.04797,10,0.8634315133094788,2501.10554,10,False,False,0.967
1810.07251,1,0.890937089920044,2002.07442,1,False,True,0.967
1810.07251,2,0.887649655342102,2103.11511,2,False,True,0.967
1810.07251,3,0.8693262934684753,1804.00892,3,False,True,0.967
1810.07251,4,0.8667101860046387,2104.14558,4,False,True,0.967
1810.07251,5,0.8544912338256836,2302.14309,5,False,True,0.967
1810.07251,6,0.853737473487854,1804.09066,6,False,True,0.967
1810.07251,7,0.8534636497497559,2110.02829,7,False,True,0.967
1810.07251,8,0.8475098013877869,2207.11504,8,False,True,0.967
1810.07251,9,0.8463051319122314,1409.4127,9,False,True,0.967
1810.07251,10,0.8461459875106812,1609.02612,10,False,True,0.967
1903.07788,1,0.9381504058837892,2206.02002,1,False,True,0.967
1903.07788,2,0.916658580303192,1503.04596,2,False,True,0.967
1903.07788,3,0.9151782989501952,2004.02747,3,False,True,0.967
1903.07788,4,0.9138555526733398,2006.10455,4,False,True,0.967
1903.07788,5,0.9108489751815796,1511.08861,5,False,True,0.967
1903.07788,6,0.9090498089790344,1810.09102,6,False,True,0.967
1903.07788,7,0.90202397108078,2311.18130,7,False,True,0.967
1903.07788,8,0.8955562710762024,1902.10416,8,False,True,0.967
1903.07788,9,0.8940034508705139,1906.00270,9,False,True,0.967
1903.07788,10,0.8925974369049072,1509.08038,10,False,True,0.967
1906.01749,1,0.8845601677894592,1901.06376,1,False,False,0.967
1906.01749,2,0.8813720941543579,2311.09836,2,False,True,0.967
1906.01749,3,0.8664586544036865,2208.14559,3,False,True,0.967
1906.01749,4,0.8633075952529907,2410.14795,4,False,True,0.967
1906.01749,5,0.8611782193183899,1209.3126,5,False,True,0.967
1906.01749,6,0.8592351078987122,2209.03791,6,False,True,0.967
1906.01749,7,0.8591993451118469,2407.12336,7,False,True,0.967
1906.01749,8,0.8583893775939941,2105.13635,8,False,True,0.967
1906.01749,9,0.8542747497558594,1710.10994,9,False,True,0.967
1906.01749,10,0.8531968593597412,2303.03278,10,False,True,0.967
1909.05881,1,0.882353663444519,1805.10323,1,False,True,0.967
1909.05881,2,0.8778699040412903,cond-mat/0207032,2,False,False,0.967
1909.05881,3,0.8725864887237549,cond-mat/0407051,3,False,True,0.967
1909.05881,4,0.8717639446258545,2208.05759,4,False,True,0.967
1909.05881,5,0.8692537546157837,2010.00807,5,False,False,0.967
1909.05881,6,0.8667161464691162,cond-mat/0206534,6,False,False,0.967
1909.05881,7,0.8650321960449219,2502.20646,7,False,True,0.967
1909.05881,8,0.8645939826965332,1812.08884,8,False,True,0.967
1909.05881,9,0.8610548377037048,2009.01160,9,False,True,0.967
1909.05881,10,0.8582156896591187,cond-mat/0412554,10,False,True,0.967
1909.06599,1,0.8668408393859863,2003.00803,1,False,True,0.967
1909.06599,2,0.8624144196510315,2208.01445,2,False,True,0.967
1909.06599,3,0.8525801301002502,2405.11431,3,False,False,0.967
1909.06599,4,0.8470831513404846,2508.05416,4,False,False,0.967
1909.06599,5,0.8404446840286255,2310.09745,5,False,True,0.967
1909.06599,6,0.829153835773468,1707.07618,6,False,False,0.967
1909.06599,7,0.8256567120552063,2307.11718,7,False,False,0.967
1909.06599,8,0.8245640993118286,1912.11166,8,True,False,0.967
1909.06599,9,0.8230440020561218,2512.12815,9,False,True,0.967
1909.06599,10,0.8160415887832642,2211.16176,10,False,False,0.967
1910.13320,1,0.8952311277389526,1308.1547,1,False,False,0.967
1910.13320,2,0.8951826095581055,1004.3621,2,False,False,0.967
1910.13320,3,0.8910312056541443,2212.00958,3,False,False,0.967
1910.13320,4,0.8821995258331299,2009.04389,4,False,False,0.967
1910.13320,5,0.8790123462677002,math/0008221,5,False,False,0.967
1910.13320,6,0.8709054589271545,1905.04324,6,False,False,0.967
1910.13320,7,0.8685101270675659,math/0109185,7,False,False,0.967
1910.13320,8,0.8678141832351685,1611.08128,8,False,False,0.967
1910.13320,9,0.866808295249939,2602.21417,9,False,False,0.967
1910.13320,10,0.8658493757247925,1510.03617,10,False,False,0.967
1912.08033,1,0.8997979164123535,1209.0439,1,False,False,0.967
1912.08033,2,0.8890349864959717,2407.15432,2,False,True,0.967
1912.08033,3,0.8884265422821045,math/9906217,3,False,True,0.967
1912.08033,4,0.886568009853363,1602.07426,4,False,True,0.967
1912.08033,5,0.8865119218826294,1511.08468,5,False,False,0.967
1912.08033,6,0.8863637447357178,1805.05618,6,False,False,0.967
1912.08033,7,0.8810056447982788,math/0601580,7,False,True,0.967
1912.08033,8,0.878830075263977,2511.11948,8,True,True,0.967
1912.08033,9,0.8788012266159058,0802.1450,9,False,False,0.967
1912.08033,10,0.8717079162597656,1603.07489,10,False,True,0.967
2002.12172,1,0.8553801774978638,0804.4189,1,False,False,0.967
2002.12172,2,0.8497082591056824,0911.1641,2,False,False,0.967
2002.12172,3,0.8416295051574707,2505.18155,3,False,False,0.967
2002.12172,4,0.8339957594871521,1809.05677,4,False,False,0.967
2002.12172,5,0.8325147032737732,1306.5303,5,False,False,0.967
2002.12172,6,0.8313207030296326,1802.10416,6,False,True,0.967
2002.12172,7,0.8279489874839783,1109.4158,7,False,False,0.967
2002.12172,8,0.8279215693473816,1308.3645,8,False,True,0.967
2002.12172,9,0.8274481296539307,1902.04829,9,False,False,0.967
2002.12172,10,0.8268471956253052,2310.07308,10,False,True,0.967
2003.06358,1,0.7801180481910706,cond-mat/0702595,1,False,False,0.967
2003.06358,2,0.7759690880775452,1406.7635,2,False,False,0.967
2003.06358,3,0.7748792171478271,2404.02436,3,False,False,0.967
2003.06358,4,0.7725317478179932,2512.00921,4,False,False,0.967
2003.06358,5,0.7716678380966187,2409.10355,5,False,False,0.967
2003.06358,6,0.7707889676094055,1410.6121,6,False,True,0.967
2003.06358,7,0.7704123258590698,1908.02305,7,False,False,0.967
2003.06358,8,0.7699928283691406,2003.01029,8,False,True,0.967
2003.06358,9,0.7697715163230896,2305.07679,9,False,False,0.967
2003.06358,10,0.769748330116272,1508.04150,10,False,False,0.967
2007.13334,1,0.9105985164642334,hep-th/9402027,1,False,True,0.967
2007.13334,2,0.8839429616928101,math/0006114,2,False,True,0.967
2007.13334,3,0.8773516416549683,2204.06495,3,False,True,0.967
2007.13334,4,0.876579761505127,1807.04310,4,False,False,0.967
2007.13334,5,0.8750241994857788,2005.10241,5,False,True,0.967
2007.13334,6,0.8750181198120117,0808.2730,6,False,True,0.967
2007.13334,7,0.8703765273094177,1210.1225,7,True,False,0.967
2007.13334,8,0.870120108127594,hep-th/9906219,8,False,True,0.967
2007.13334,9,0.8684664964675903,1503.05675,9,False,True,0.967
2007.13334,10,0.868084728717804,1002.4771,10,False,False,0.967
2108.04364,1,0.8906239867210388,2208.01607,1,False,False,0.967
2108.04364,2,0.8861855864524841,2409.02143,2,False,False,0.967
2108.04364,3,0.8617827296257019,0809.2688,3,False,False,0.967
2108.04364,4,0.8602625131607056,1909.05481,4,False,True,0.967
2108.04364,5,0.8542675971984863,1110.6817,5,False,True,0.967
2108.04364,6,0.8542172312736511,1809.01699,6,True,False,0.967
2108.04364,7,0.8520352244377136,0911.4230,7,False,False,0.967
2108.04364,8,0.8421018123626709,2509.22351,8,False,False,0.967
2108.04364,9,0.8415559530258179,2502.01780,9,False,False,0.967
2108.04364,10,0.8408334851264954,1507.07955,10,False,False,0.967
2109.03095,1,0.8883377313613892,0909.5449,1,False,False,0.967
2109.03095,2,0.8871985673904419,0903.0303,2,False,False,0.967
2109.03095,3,0.8784737586975098,0710.4167,3,False,False,0.967
2109.03095,4,0.8782960772514343,2204.13682,4,False,False,0.967
2109.03095,5,0.8770115971565247,1710.06955,5,False,False,0.967
2109.03095,6,0.8687341213226318,2211.12218,6,False,False,0.967
2109.03095,7,0.8679932951927185,1611.06584,7,False,True,0.967
2109.03095,8,0.8675060868263245,0903.1752,8,False,True,0.967
2109.03095,9,0.865986168384552,2305.03116,9,False,False,0.967
2109.03095,10,0.8646433353424072,1501.03267,10,False,True,0.967
2201.07330,1,0.8586735129356384,physics/0205049,1,False,True,0.967
2201.07330,2,0.8542418479919434,1903.04661,2,False,True,0.967
2201.07330,3,0.8353410363197327,1509.03967,3,False,True,0.967
2201.07330,4,0.8253515362739563,2507.02603,4,False,True,0.967
2201.07330,5,0.8204615116119385,2412.18308,5,False,True,0.967
2201.07330,6,0.8108745813369751,2401.12760,6,False,False,0.967
2201.07330,7,0.805375337600708,1606.07220,7,False,False,0.967
2201.07330,8,0.8017638325691223,1810.11168,8,False,True,0.967
2201.07330,9,0.80168616771698,1501.01236,9,False,True,0.967
2201.07330,10,0.7957249879837036,2112.02245,10,False,False,0.967
2208.08634,1,0.938530445098877,1108.4311,1,False,True,0.967
2208.08634,2,0.9209554195404052,1507.07885,2,False,True,0.967
2208.08634,3,0.8978091478347778,cond-mat/0405287,3,False,True,0.967
2208.08634,4,0.8963087201118469,cond-mat/9902077,4,False,True,0.967
2208.08634,5,0.896176278591156,1505.07728,5,False,True,0.967
2208.08634,6,0.8922609686851501,0908.1088,6,False,True,0.967
2208.08634,7,0.8921974301338196,0711.4865,7,False,True,0.967
2208.08634,8,0.8903116583824158,cond-mat/0506515,8,False,True,0.967
2208.08634,9,0.8889470100402832,1903.04699,9,False,True,0.967
2208.08634,10,0.8886617422103882,0803.3052,10,False,True,0.967
2208.08910,1,0.9100351929664612,1807.05614,1,False,True,0.967
2208.08910,2,0.8996368050575256,math/0411343,2,False,False,0.967
2208.08910,3,0.8863627910614014,1304.6899,3,False,True,0.967
2208.08910,4,0.8764175772666931,1210.6287,4,False,True,0.967
2208.08910,5,0.8723724484443665,1401.7110,5,False,False,0.967
2208.08910,6,0.8723247647285461,0801.2378,6,False,True,0.967
2208.08910,7,0.8696137070655823,2307.00411,7,False,False,0.967
2208.08910,8,0.8654459118843079,1602.07064,8,False,False,0.967
2208.08910,9,0.8631942272186279,1210.2354,9,False,False,0.967
2208.08910,10,0.8620495200157166,2308.03464,10,False,True,0.967
2209.06915,1,0.8600552082061768,1804.08986,1,False,False,0.967
2209.06915,2,0.841835618019104,1906.06380,2,False,True,0.967
2209.06915,3,0.8245277404785156,2405.10063,3,False,False,0.967
2209.06915,4,0.8229249715805054,1709.07555,4,False,False,0.967
2209.06915,5,0.8220608234405518,2508.18755,5,False,True,0.967
2209.06915,6,0.8184206485748291,2304.07766,6,False,False,0.967
2209.06915,7,0.817695140838623,2405.03356,7,False,False,0.967
2209.06915,8,0.8122431039810181,1512.02977,8,False,False,0.967
2209.06915,9,0.8062407970428467,2502.20627,9,False,False,0.967
2209.06915,10,0.8059888482093811,2212.13930,10,False,False,0.967
2212.05081,1,0.8945665955543518,1801.04971,1,False,False,0.967
2212.05081,2,0.893703281879425,1811.04525,2,False,False,0.967
2212.05081,3,0.8813672661781311,2401.02965,3,False,False,0.967
2212.05081,4,0.8776304721832275,2606.07994,4,False,False,0.967
2212.05081,5,0.8771386742591858,1809.01699,5,True,False,0.967
2212.05081,6,0.8765628337860107,2602.18588,6,False,False,0.967
2212.05081,7,0.8683562278747559,2507.17991,7,False,False,0.967
2212.05081,8,0.8635590672492981,1011.0810,8,False,False,0.967
2212.05081,9,0.8618360757827759,2601.04226,9,False,True,0.967
2212.05081,10,0.8537556529045105,2605.12835,10,False,False,0.967
2212.12533,1,0.8504730463027954,1508.07678,1,False,True,0.967
2212.12533,2,0.8163400888442993,2603.22231,2,False,True,0.967
2212.12533,3,0.80872642993927,1602.05394,3,False,True,0.967
2212.12533,4,0.8083095550537109,2111.02468,4,False,False,0.967
2212.12533,5,0.7979379296302795,1507.00130,5,False,False,0.967
2212.12533,6,0.7958872318267822,2601.20422,6,False,True,0.967
2212.12533,7,0.7946598529815674,2211.08997,7,False,True,0.967
2212.12533,8,0.7927663326263428,1701.07058,8,False,True,0.967
2212.12533,9,0.7789034247398376,2103.05199,9,False,True,0.967
2212.12533,10,0.7706376314163208,2506.19038,10,False,True,0.967
2301.00995,1,0.9007886052131652,2006.12440,1,False,True,0.967
2301.00995,2,0.9001226425170898,quant-ph/0608132,2,False,True,0.967
2301.00995,3,0.8901118040084839,2506.18012,3,False,True,0.967
2301.00995,4,0.8874136209487915,2410.12030,4,False,True,0.967
2301.00995,5,0.8841335773468018,2208.06306,5,False,True,0.967
2301.00995,6,0.8803431987762451,0709.2670,6,False,True,0.967
2301.00995,7,0.8778492212295532,2209.10398,7,False,True,0.967
2301.00995,8,0.8764793276786804,1101.4889,8,False,True,0.967
2301.00995,9,0.8763663172721863,1806.06097,9,False,True,0.967
2301.00995,10,0.8752837777137756,2510.04921,10,False,True,0.967
2302.10730,1,0.8990435600280762,2410.14980,1,False,True,0.967
2302.10730,2,0.8900265097618103,2107.13137,2,False,True,0.967
2302.10730,3,0.8770819306373596,1903.10673,3,False,False,0.967
2302.10730,4,0.8761033415794373,2312.05889,4,False,True,0.967
2302.10730,5,0.8655897378921509,2509.06793,5,False,True,0.967
2302.10730,6,0.8616061806678772,2509.17864,6,False,True,0.967
2302.10730,7,0.8613549470901489,2502.09563,7,False,True,0.967
2302.10730,8,0.8612591624259949,2502.11002,8,False,True,0.967
2302.10730,9,0.860880970954895,2606.02552,9,False,True,0.967
2302.10730,10,0.8577760457992554,1905.02538,10,False,True,0.967
2303.13061,1,0.9008171558380128,2004.04841,1,False,True,0.967
2303.13061,2,0.8957557082176208,1708.06287,2,False,True,0.967
2303.13061,3,0.8794589042663574,1306.2197,3,False,True,0.967
2303.13061,4,0.8782926201820374,1512.04513,4,False,True,0.967
2303.13061,5,0.8777633309364319,math/0304410,5,False,True,0.967
2303.13061,6,0.8718922734260559,2602.17253,6,False,True,0.967
2303.13061,7,0.8718291521072388,2305.12558,7,False,True,0.967
2303.13061,8,0.8715496063232422,2402.13477,8,False,True,0.967
2303.13061,9,0.8712896108627319,2604.15909,9,False,True,0.967
2303.13061,10,0.8702127933502197,2110.10515,10,False,True,0.967
2304.01138,1,0.8290700912475586,2401.08921,1,False,True,0.967
2304.01138,2,0.8228322863578796,2512.22399,2,False,False,0.967
2304.01138,3,0.8209013938903809,2305.12332,3,False,True,0.967
2304.01138,4,0.820362389087677,2406.19084,4,False,True,0.967
2304.01138,5,0.8187781572341919,2107.11016,5,False,True,0.967
2304.01138,6,0.8185180425643921,2506.21966,6,False,True,0.967
2304.01138,7,0.8182445764541626,2506.16892,7,False,False,0.967
2304.01138,8,0.8152819871902466,2107.07283,8,False,False,0.967
2304.01138,9,0.8134387135505676,2305.04393,9,False,True,0.967
2304.01138,10,0.8098201155662537,1503.01336,10,False,False,0.967
2306.08340,1,0.8398074507713318,1805.05094,1,False,True,0.967
2306.08340,2,0.8265845775604248,1512.02996,2,False,False,0.967
2306.08340,3,0.8236935138702393,2304.06313,3,False,False,0.967
2306.08340,4,0.8100636005401611,0903.0905,4,False,False,0.967
2306.08340,5,0.8025071620941162,1703.03484,5,False,True,0.967
2306.08340,6,0.8011510372161865,1504.03141,6,False,False,0.967
2306.08340,7,0.7984365820884705,2006.04281,7,False,False,0.967
2306.08340,8,0.7946141362190247,2507.17364,8,False,False,0.967
2306.08340,9,0.7895876169204712,1404.0229,9,False,False,0.967
2306.08340,10,0.7893754243850708,2001.01199,10,False,False,0.967
2306.09396,1,0.8109340667724609,2210.01639,1,False,True,0.967
2306.09396,2,0.807686448097229,2210.12612,2,True,False,0.967
2306.09396,3,0.8017947673797607,2408.13613,3,False,False,0.967
2306.09396,4,0.801439106464386,2210.06163,4,False,True,0.967
2306.09396,5,0.7967798113822937,0712.0517,5,False,False,0.967
2306.09396,6,0.7940682172775269,1608.00264,6,False,False,0.967
2306.09396,7,0.7912902235984802,2109.05697,7,False,True,0.967
2306.09396,8,0.7899887561798096,1112.2680,8,False,True,0.967
2306.09396,9,0.7858498096466064,2507.14999,9,False,True,0.967
2306.09396,10,0.7848235368728638,1508.00192,10,False,False,0.967
2310.12878,1,0.9282338619232178,gr-qc/0504029,1,False,True,0.967
2310.12878,2,0.9219281077384948,2605.13714,2,False,False,0.967
2310.12878,3,0.9134234189987184,hep-th/0304211,3,False,True,0.967
2310.12878,4,0.9120770692825316,hep-ph/0410273,4,False,False,0.967
2310.12878,5,0.9113694429397584,gr-qc/0611028,5,False,True,0.967
2310.12878,6,0.9108323454856871,2409.16690,6,False,True,0.967
2310.12878,7,0.9100695252418518,2508.17401,7,False,True,0.967
2310.12878,8,0.9099372625350952,2310.02338,8,False,False,0.967
2310.12878,9,0.9057879447937012,2405.13552,9,False,False,0.967
2310.12878,10,0.905603051185608,2104.04394,10,False,True,0.967
2311.04887,1,0.8719738721847534,2512.24594,1,False,False,0.967
2311.04887,2,0.8629400730133057,2304.11219,2,False,False,0.967
2311.04887,3,0.8438390493392944,2511.13890,3,False,False,0.967
2311.04887,4,0.8425192832946777,2406.09208,4,False,False,0.967
2311.04887,5,0.8367569446563721,2412.07636,5,False,False,0.967
2311.04887,6,0.8313964605331421,2502.02065,6,False,False,0.967
2311.04887,7,0.8313047885894775,2403.20319,7,False,False,0.967
2311.04887,8,0.8275090456008911,2605.30358,8,False,False,0.967
2311.04887,9,0.826396107673645,2505.16908,9,False,False,0.967
2311.04887,10,0.824485182762146,1712.02227,10,False,False,0.967
2402.13632,1,0.9018296003341676,1002.0795,1,False,False,0.967
2402.13632,2,0.8745981454849243,1903.00855,2,False,False,0.967
2402.13632,3,0.8743470311164856,2603.29248,3,False,True,0.967
2402.13632,4,0.8662787675857544,1505.04093,4,False,True,0.967
2402.13632,5,0.8640034198760986,1506.04861,5,False,True,0.967
2402.13632,6,0.8623643517494202,2203.13673,6,False,False,0.967
2402.13632,7,0.8613438010215759,2403.19030,7,False,False,0.967
2402.13632,8,0.8602104783058167,1707.02596,8,False,False,0.967
2402.13632,9,0.858660101890564,2210.07545,9,False,True,0.967
2402.13632,10,0.8583206534385681,1908.11267,10,False,False,0.967
2402.19043,1,0.8922191858291626,2307.15208,1,False,True,0.967
2402.19043,2,0.8662565350532532,2104.04179,2,False,True,0.967
2402.19043,3,0.8652731776237488,2502.15204,3,False,True,0.967
2402.19043,4,0.8538480401039124,2506.19055,4,False,True,0.967
2402.19043,5,0.8495436310768127,2403.07247,5,False,True,0.967
2402.19043,6,0.8460121154785156,2305.16037,6,False,True,0.967
2402.19043,7,0.8399758338928223,2509.21750,7,False,True,0.967
2402.19043,8,0.8376202583312988,2510.06123,8,False,True,0.967
2402.19043,9,0.825932502746582,1803.04565,9,False,True,0.967
2402.19043,10,0.8251477479934692,2506.21015,10,False,True,0.967
2403.00206,1,0.8733657002449036,1801.03399,1,False,True,0.967
2403.00206,2,0.8680675029754639,2110.14213,2,False,True,0.967
2403.00206,3,0.8574686646461487,2207.07611,3,False,True,0.967
2403.00206,4,0.8566693067550659,2112.07088,4,False,True,0.967
2403.00206,5,0.8536767959594727,2206.00790,5,False,True,0.967
2403.00206,6,0.8514764308929443,1906.01399,6,False,True,0.967
2403.00206,7,0.8509386777877808,2411.13026,7,False,True,0.967
2403.00206,8,0.8494139909744263,2605.24946,8,False,True,0.967
2403.00206,9,0.8475446105003357,1705.10904,9,False,True,0.967
2403.00206,10,0.8443160057067871,2603.29387,10,False,True,0.967
2403.02159,1,0.9124100208282472,astro-ph/9804101,1,False,False,0.967
2403.02159,2,0.906254231929779,astro-ph/0007195,2,False,False,0.967
2403.02159,3,0.8983293771743774,1009.2604,3,False,False,0.967
2403.02159,4,0.8980309367179871,0905.1265,4,False,True,0.967
2403.02159,5,0.897955060005188,astro-ph/9709116,5,False,False,0.967
2403.02159,6,0.8966812491416931,astro-ph/0304186,6,False,False,0.967
2403.02159,7,0.8961106538772583,astro-ph/0406310,7,False,False,0.967
2403.02159,8,0.8937890529632568,astro-ph/0211640,8,False,False,0.967
2403.02159,9,0.8934862613677979,astro-ph/9911468,9,False,False,0.967
2403.02159,10,0.8931222558021545,2604.27461,10,False,True,0.967
2406.03496,1,0.9051939845085144,2411.09273,1,False,True,0.967
2406.03496,2,0.9015411138534546,2303.16839,2,False,True,0.967
2406.03496,3,0.9002217054367065,2411.15296,3,False,True,0.967
2406.03496,4,0.900191068649292,2603.04453,4,False,True,0.967
2406.03496,5,0.8995231986045837,2408.06610,5,False,True,0.967
2406.03496,6,0.8965408205986023,2412.10302,6,False,True,0.967
2406.03496,7,0.8923848271369934,2402.14289,7,False,True,0.967
2406.03496,8,0.885891318321228,2411.19103,8,False,True,0.967
2406.03496,9,0.8849127888679504,2605.29462,9,False,True,0.967
2406.03496,10,0.8810568451881409,2606.09131,10,False,True,0.967
2406.11548,1,0.855809211730957,2307.09668,1,False,True,0.967
2406.11548,2,0.8546336889266968,2602.02839,2,False,True,0.967
2406.11548,3,0.8541522026062012,2412.18194,3,False,True,0.967
2406.11548,4,0.8534001111984253,2502.14185,4,False,True,0.967
2406.11548,5,0.8500893115997314,2602.20219,5,False,True,0.967
2406.11548,6,0.8420212864875793,2501.12128,6,False,True,0.967
2406.11548,7,0.8408666253089905,2606.08278,7,False,True,0.967
2406.11548,8,0.8399022817611694,2501.04150,8,False,True,0.967
2406.11548,9,0.8378313183784485,2606.10833,9,False,True,0.967
2406.11548,10,0.8339179754257202,2411.15296,10,False,True,0.967
2407.19484,1,0.8142784833908081,1901.05112,1,False,True,0.967
2407.19484,2,0.8089942336082458,1312.5173,2,False,True,0.967
2407.19484,3,0.8045352101325989,1505.07278,3,False,True,0.967
2407.19484,4,0.8041377067565918,2509.21036,4,False,True,0.967
2407.19484,5,0.7986412048339844,2606.11484,5,False,True,0.967
2407.19484,6,0.7913700938224792,2202.09057,6,False,True,0.967
2407.19484,7,0.7869323492050171,1303.6801,7,False,True,0.967
2407.19484,8,0.7866420149803162,1308.3200,8,False,True,0.967
2407.19484,9,0.7845152616500854,2107.11847,9,True,True,0.967
2407.19484,10,0.7806609272956848,quant-ph/0308149,10,False,False,0.967
2410.13034,1,0.8761613368988037,2111.03042,1,False,True,0.967
2410.13034,2,0.8756842613220215,1810.01771,2,False,True,0.967
2410.13034,3,0.8746862411499023,2604.13947,3,False,True,0.967
2410.13034,4,0.856827437877655,2604.15853,4,False,True,0.967
2410.13034,5,0.8552460670471191,1607.05967,5,False,True,0.967
2410.13034,6,0.8530768156051636,2509.19070,6,False,True,0.967
2410.13034,7,0.8526545763015747,2305.19550,7,False,True,0.967
2410.13034,8,0.8512412309646606,2507.14137,8,False,True,0.967
2410.13034,9,0.8510985374450684,2505.13777,9,False,True,0.967
2410.13034,10,0.8496977090835571,2601.08371,10,False,True,0.967
2501.05536,1,0.9197527766227722,2112.01289,1,False,True,0.967
2501.05536,2,0.9179770946502686,1412.1517,2,False,True,0.967
2501.05536,3,0.905697464942932,2509.05524,3,False,True,0.967
2501.05536,4,0.9010282158851624,2105.08000,4,False,True,0.967
2501.05536,5,0.8997217416763306,2509.02838,5,False,False,0.967
2501.05536,6,0.8970159292221069,1703.05014,6,False,True,0.967
2501.05536,7,0.8896312117576599,2406.09281,7,False,True,0.967
2501.05536,8,0.8892454504966736,1202.3013,8,False,True,0.967
2501.05536,9,0.884752094745636,2402.01572,9,False,False,0.967
2501.05536,10,0.8828259110450745,2208.10058,10,False,True,0.967
2501.10890,1,0.8889789581298828,1303.5784,1,False,True,0.967
2501.10890,2,0.8813828825950623,2002.01947,2,True,False,0.967
2501.10890,3,0.873152494430542,2304.08029,3,False,False,0.967
2501.10890,4,0.8727842569351196,2102.08959,4,False,True,0.967
2501.10890,5,0.8716474771499634,1310.2223,5,False,True,0.967
2501.10890,6,0.8679071068763733,2207.03316,6,False,True,0.967
2501.10890,7,0.8673809170722961,1905.11405,7,False,True,0.967
2501.10890,8,0.8643810749053955,1306.1234,8,False,True,0.967
2501.10890,9,0.863970160484314,1905.10552,9,False,True,0.967
2501.10890,10,0.8620920181274414,1703.02040,10,False,True,0.967
2501.13653,1,0.9327378869056702,2003.07920,1,False,True,0.967
2501.13653,2,0.9097931385040284,2408.09472,2,False,True,0.967
2501.13653,3,0.9067145586013794,hep-ph/9409423,3,False,True,0.967
2501.13653,4,0.903509557247162,1105.3959,4,False,True,0.967
2501.13653,5,0.903221607208252,1111.3247,5,False,True,0.967
2501.13653,6,0.8992165923118591,hep-lat/9506004,6,False,True,0.967
2501.13653,7,0.8977586627006531,hep-ph/0612164,7,False,True,0.967
2501.13653,8,0.8968397378921509,2110.12757,8,False,True,0.967
2501.13653,9,0.8959637880325317,hep-lat/0510087,9,False,True,0.967
2501.13653,10,0.8921762704849243,hep-lat/0006026,10,False,True,0.967
2502.16753,1,0.8692058324813843,1907.08849,1,False,False,0.967
2502.16753,2,0.8289932012557983,1602.06594,2,False,True,0.967
2502.16753,3,0.8233314156532288,2006.08064,3,False,False,0.967
2502.16753,4,0.8209539651870728,1902.01364,4,False,True,0.967
2502.16753,5,0.8187064528465271,2606.05710,5,False,False,0.967
2502.16753,6,0.8160240054130554,2604.21626,6,False,False,0.967
2502.16753,7,0.8082467913627625,1911.06304,7,False,False,0.967
2502.16753,8,0.8014723062515259,1406.3204,8,False,False,0.967
2502.16753,9,0.7995133996009827,1810.09704,9,False,False,0.967
2502.16753,10,0.7988992929458618,2406.06225,10,False,False,0.967
2502.20795,1,0.9091507196426392,2511.10201,1,False,True,0.967
2502.20795,2,0.9089725017547609,2408.13296,2,False,True,0.967
2502.20795,3,0.9065486788749696,2512.05525,3,False,False,0.967
2502.20795,4,0.9047843217849731,2402.03921,4,False,False,0.967
2502.20795,5,0.9028775691986084,2504.12332,5,False,True,0.967
2502.20795,6,0.9018599390983582,2502.21321,6,False,True,0.967
2502.20795,7,0.901302695274353,2605.18801,7,False,False,0.967
2502.20795,8,0.8943568468093872,2501.00885,8,False,True,0.967
2502.20795,9,0.8920429348945618,2502.03461,9,False,True,0.967
2502.20795,10,0.8888914585113525,2601.06911,10,False,True,0.967
2503.16930,1,0.9017358422279358,2510.06601,1,False,True,0.967
2503.16930,2,0.8990399241447449,2203.01645,2,False,True,0.967
2503.16930,3,0.8938630819320679,2212.05909,3,False,True,0.967
2503.16930,4,0.8909317255020142,2310.02641,4,False,True,0.967
2503.16930,5,0.8906608819961548,1912.05293,5,False,True,0.967
2503.16930,6,0.8895411491394043,1906.00270,6,False,True,0.967
2503.16930,7,0.8839457631111145,1903.08817,7,False,True,0.967
2503.16930,8,0.8819535374641418,1603.09056,8,False,True,0.967
2503.16930,9,0.8798827528953552,2603.08133,9,False,True,0.967
2503.16930,10,0.879264235496521,2504.08591,10,False,True,0.967
2505.15283,1,0.8481201529502869,2203.12477,1,False,False,0.967
2505.15283,2,0.8467408418655396,1506.04861,2,False,False,0.967
2505.15283,3,0.8464897871017456,2011.05460,3,False,True,0.967
2505.15283,4,0.8415104746818542,2108.05745,4,False,False,0.967
2505.15283,5,0.840225100517273,math/0611203,5,False,False,0.967
2505.15283,6,0.8401497006416321,1206.3266,6,False,False,0.967
2505.15283,7,0.8381900191307068,1505.02250,7,False,False,0.967
2505.15283,8,0.8371120095252991,1304.0524,8,False,False,0.967
2505.15283,9,0.8351577520370483,q-bio/0608012,9,False,False,0.967
2505.15283,10,0.8348612785339355,1508.02935,10,False,True,0.967
2505.23969,1,0.8660133481025696,2005.02565,1,False,False,0.967
2505.23969,2,0.8627796173095703,2204.12006,2,False,False,0.967
2505.23969,3,0.8597791790962219,1308.1362,3,False,False,0.967
2505.23969,4,0.8423293828964233,2503.10562,4,False,False,0.967
2505.23969,5,0.8416423797607422,2410.11253,5,False,False,0.967
2505.23969,6,0.8401483297348022,1912.08516,6,True,False,0.967
2505.23969,7,0.8369061350822449,2206.03915,7,False,False,0.967
2505.23969,8,0.8360275030136108,1910.09030,8,False,False,0.967
2505.23969,9,0.8332952857017517,1608.04081,10,False,False,0.967
2505.23969,10,0.8285238742828369,2301.09484,11,False,False,0.967
2508.08818,1,0.9007962346076964,1308.1547,1,False,False,0.967
2508.08818,2,0.8978992700576782,2307.05607,2,False,False,0.967
2508.08818,3,0.8960563540458679,math/0505146,3,False,False,0.967
2508.08818,4,0.8937202095985413,1407.1222,4,False,False,0.967
2508.08818,5,0.8924628496170044,1402.5775,5,False,False,0.967
2508.08818,6,0.8911886215209961,0811.3145,6,False,False,0.967
2508.08818,7,0.8911457061767578,0906.4605,7,False,False,0.967
2508.08818,8,0.8905236124992371,1307.5731,8,False,False,0.967
2508.08818,9,0.8904956579208374,2102.04495,9,False,True,0.967
2508.08818,10,0.8902958035469055,1701.07979,10,False,False,0.967
2509.24344,1,0.9341674447059632,2406.11903,1,False,False,0.967
2509.24344,2,0.9029252529144288,2408.01444,2,False,False,0.967
2509.24344,3,0.8950278162956238,2504.00042,3,False,False,0.967
2509.24344,4,0.8770793676376343,2601.12259,4,False,False,0.967
2509.24344,5,0.8734674453735352,2503.13520,5,False,True,0.967
2509.24344,6,0.8728700876235962,2510.05702,6,False,False,0.967
2509.24344,7,0.8708343505859375,2505.04388,7,False,False,0.967
2509.24344,8,0.8703663349151611,2408.13296,8,False,False,0.967
2509.24344,9,0.86662757396698,2605.09106,9,False,False,0.967
2509.24344,10,0.8579663634300232,2502.21321,10,False,False,0.967
2511.02535,1,0.8810973763465881,2310.05554,1,False,True,0.967
2511.02535,2,0.8592609167098999,1903.11510,2,False,True,0.967
2511.02535,3,0.8346393704414368,1604.02824,3,False,False,0.967
2511.02535,4,0.8319987058639526,1307.5168,4,False,True,0.967
2511.02535,5,0.8274040222167969,1309.4352,5,False,True,0.967
2511.02535,6,0.8270411491394043,patt-sol/9604005,6,False,False,0.967
2511.02535,7,0.8254866003990173,1603.00490,7,False,True,0.967
2511.02535,8,0.8206831216812134,2401.11051,8,False,False,0.967
2511.02535,9,0.8204483985900879,2312.10760,9,False,True,0.967
2511.02535,10,0.818265438079834,0812.2375,10,False,True,0.967
2512.09874,1,0.8438137173652649,2504.10415,1,False,True,0.967
2512.09874,2,0.8336432576179504,2606.13782,2,False,True,0.967
2512.09874,3,0.8307945728302002,2403.02333,3,False,True,0.967
2512.09874,4,0.8254009485244751,2601.04700,4,False,False,0.967
2512.09874,5,0.824746310710907,1612.04888,5,False,False,0.967
2512.09874,6,0.8240888714790344,2112.04023,6,False,True,0.967
2512.09874,7,0.8223767280578613,2510.17496,7,False,True,0.967
2512.09874,8,0.8203988075256348,2409.01524,8,False,True,0.967
2512.09874,9,0.8193792104721069,2212.10535,9,True,True,0.967
2512.09874,10,0.8190730810165405,2510.03415,10,False,True,0.967
2603.01074,1,0.8967660665512085,2510.23525,1,False,True,0.967
2603.01074,2,0.8819024562835693,1809.08495,2,False,True,0.967
2603.01074,3,0.8567541837692261,2308.12433,3,False,True,0.967
2603.01074,4,0.8563158512115479,2209.09483,4,False,True,0.967
2603.01074,5,0.8530067801475525,2103.08745,5,False,True,0.967
2603.01074,6,0.8525721430778503,2101.06931,6,False,True,0.967
2603.01074,7,0.8519225120544434,2112.00050,7,False,True,0.967
2603.01074,8,0.847900390625,2503.00518,8,False,True,0.967
2603.01074,9,0.844650149345398,2303.15777,9,False,False,0.967
2603.01074,10,0.8423593044281006,2505.15545,10,False,True,0.967
2603.15074,1,0.9032905697822572,1503.03962,1,False,True,0.967
2603.15074,2,0.9023939967155457,0807.3179,2,False,True,0.967
2603.15074,3,0.9005470275878906,0810.5604,3,False,True,0.967
2603.15074,4,0.8974119424819946,1802.05080,4,False,True,0.967
2603.15074,5,0.8970852494239807,1505.07692,5,True,True,0.967
2603.15074,6,0.8946883678436279,math/0210159,6,False,True,0.967
2603.15074,7,0.8920984864234924,2102.07717,7,False,True,0.967
2603.15074,8,0.8906814455986023,1801.10305,8,False,True,0.967
2603.15074,9,0.8901169300079346,1910.12192,9,False,True,0.967
2603.15074,10,0.8885769248008728,1406.2672,10,False,False,0.967
2603.17536,1,0.952594518661499,1808.10571,1,False,True,0.967
2603.17536,2,0.9160026907920836,1903.08040,2,False,True,0.967
2603.17536,3,0.9148627519607544,2503.07616,3,False,False,0.967
2603.17536,4,0.9034714698791504,1712.02238,4,False,True,0.967
2603.17536,5,0.9001759886741638,1901.02059,5,False,False,0.967
2603.17536,6,0.8982118964195251,0808.3499,6,False,True,0.967
2603.17536,7,0.8972415924072266,2111.07485,7,False,True,0.967
2603.17536,8,0.8960803151130676,2405.13818,8,False,True,0.967
2603.17536,9,0.8951570987701416,math-ph/0602057,9,False,False,0.967
2603.17536,10,0.8933403491973877,2006.11592,10,False,False,0.967
2603.28815,1,0.8679683208465576,2604.17870,1,False,False,0.967
2603.28815,2,0.8515270948410034,2605.13044,2,False,True,0.967
2603.28815,3,0.8495948910713196,2503.12687,3,False,True,0.967
2603.28815,4,0.8463081121444702,2603.20925,4,False,True,0.967
2603.28815,5,0.8399434089660645,2602.17753,5,True,True,0.967
2603.28815,6,0.8391944766044617,2602.11619,6,False,True,0.967
2603.28815,7,0.8344756364822388,1912.01217,7,False,True,0.967
2603.28815,8,0.832909107208252,2510.23883,8,False,True,0.967
2603.28815,9,0.8323620557785034,2507.02977,9,False,True,0.967
2603.28815,10,0.8318850994110107,2511.20703,10,False,True,0.967
2605.21580,1,0.915963888168335,1911.07946,1,False,True,0.967
2605.21580,2,0.9070155620574952,astro-ph/0611461,2,False,False,0.967
2605.21580,3,0.9012148976325988,astro-ph/0211062,3,True,False,0.967
2605.21580,4,0.896384060382843,astro-ph/0301259,4,False,False,0.967
2605.21580,5,0.8953253030776978,astro-ph/0610318,5,False,False,0.967
2605.21580,6,0.8947054743766785,2512.16988,6,False,True,0.967
2605.21580,7,0.8937883377075195,2106.00699,7,False,True,0.967
2605.21580,8,0.8937128782272339,1311.7506,8,False,True,0.967
2605.21580,9,0.8933795690536499,2509.04706,9,False,True,0.967
2605.21580,10,0.8929391503334045,1303.2158,10,False,True,0.967
astro-ph/0406299,1,0.92393958568573,astro-ph/9805130,1,False,True,0.967
astro-ph/0406299,2,0.907685935497284,1205.0009,2,False,False,0.967
astro-ph/0406299,3,0.9051615595817566,1107.2918,3,False,False,0.967
astro-ph/0406299,4,0.9023804664611816,astro-ph/0112430,4,False,True,0.967
astro-ph/0406299,5,0.9010774493217468,1411.3786,5,False,False,0.967
astro-ph/0406299,6,0.8995518088340759,0805.1142,6,False,True,0.967
astro-ph/0406299,7,0.8976730108261108,2307.15385,7,False,False,0.967
astro-ph/0406299,8,0.8974452018737793,astro-ph/0304352,8,False,True,0.967
astro-ph/0406299,9,0.8965467214584351,2107.08407,9,False,False,0.967
astro-ph/0406299,10,0.8950797319412231,1402.3029,10,False,False,0.967
astro-ph/0510756,1,0.9581222534179688,astro-ph/0011275,1,False,True,0.967
astro-ph/0510756,2,0.9434870481491088,astro-ph/9701144,2,False,True,0.967
astro-ph/0510756,3,0.9393687844276428,2406.09216,3,False,False,0.967
astro-ph/0510756,4,0.9358013868331908,astro-ph/0212532,4,False,True,0.967
astro-ph/0510756,5,0.9312431812286376,1002.0009,5,False,False,0.967
astro-ph/0510756,6,0.9296757578849792,astro-ph/9701125,6,False,True,0.967
astro-ph/0510756,7,0.9279291033744812,astro-ph/0107297,7,False,True,0.967
astro-ph/0510756,8,0.927244246006012,1808.03834,8,False,False,0.967
astro-ph/0510756,9,0.9262324571609496,astro-ph/9809026,9,False,True,0.967
astro-ph/0510756,10,0.9257845282554626,astro-ph/0111212,10,True,True,0.967
astro-ph/9402047,1,0.9332159757614136,1002.1379,1,False,False,0.967
astro-ph/9402047,2,0.9269798398017884,2507.18199,2,False,False,0.967
astro-ph/9402047,3,0.9241264462471008,astro-ph/0007306,3,False,True,0.967
astro-ph/9402047,4,0.9236688613891602,astro-ph/0603556,4,True,True,0.967
astro-ph/9402047,5,0.9178133010864258,2106.09865,5,False,False,0.967
astro-ph/9402047,6,0.9172455072402954,astro-ph/0611349,6,False,True,0.967
astro-ph/9402047,7,0.916285753250122,2301.02682,7,False,False,0.967
astro-ph/9402047,8,0.9161314964294434,1511.08168,8,False,False,0.967
astro-ph/9402047,9,0.9158897995948792,0711.0970,9,False,True,0.967
astro-ph/9402047,10,0.9153798818588256,1009.0275,10,False,False,0.967
cond-mat/0109465,1,0.8769855499267578,0909.4206,1,False,True,0.967
cond-mat/0109465,2,0.873759388923645,supr-con/9504001,2,False,True,0.967
cond-mat/0109465,3,0.8696925640106201,1501.01831,3,True,True,0.967
cond-mat/0109465,4,0.867357075214386,0808.2739,4,False,True,0.967
cond-mat/0109465,5,0.866195797920227,cond-mat/9406103,5,False,False,0.967
cond-mat/0109465,6,0.8655409812927246,cond-mat/9510045,6,False,False,0.967
cond-mat/0109465,7,0.86332768201828,2602.10839,7,False,True,0.967
cond-mat/0109465,8,0.8628865480422974,cond-mat/0509313,8,False,True,0.967
cond-mat/0109465,9,0.8612551689147949,1310.4158,9,False,True,0.967
cond-mat/0109465,10,0.8604941368103027,2508.16290,10,False,True,0.967
cond-mat/0305445,1,0.895989179611206,2009.14006,1,False,False,0.967
cond-mat/0305445,2,0.8955124020576477,2308.05203,2,False,False,0.967
cond-mat/0305445,3,0.89531409740448,cond-mat/9909069,3,False,False,0.967
cond-mat/0305445,4,0.8921962976455688,cond-mat/9910321,4,False,False,0.967
cond-mat/0305445,5,0.8919020295143127,cond-mat/0003020,5,False,False,0.967
cond-mat/0305445,6,0.8908200263977051,1708.07192,6,False,False,0.967
cond-mat/0305445,7,0.8898640871047974,1202.3336,7,False,False,0.967
cond-mat/0305445,8,0.8890492916107178,cond-mat/9611097,8,False,False,0.967
cond-mat/0305445,9,0.8876765966415405,2411.07373,9,False,False,0.967
cond-mat/0305445,10,0.8868300318717957,1402.4012,10,False,True,0.967
cond-mat/0306272,1,0.8752410411834717,1105.0373,1,True,True,0.967
cond-mat/0306272,2,0.8728004693984985,2201.02271,2,False,True,0.967
cond-mat/0306272,3,0.8727183938026428,cond-mat/9803388,3,False,True,0.967
cond-mat/0306272,4,0.8713247776031494,cond-mat/0507394,4,False,True,0.967
cond-mat/0306272,5,0.866742730140686,cond-mat/9508014,5,False,False,0.967
cond-mat/0306272,6,0.8641772270202637,1605.08619,7,False,False,0.967
cond-mat/0306272,7,0.8625059127807617,1407.6683,8,False,True,0.967
cond-mat/0306272,8,0.860837459564209,2305.18468,9,False,True,0.967
cond-mat/0306272,9,0.8599345684051514,2501.04465,10,False,True,0.967
cond-mat/0306272,10,0.8560009002685547,2502.15744,13,False,True,0.967
cond-mat/0307127,1,0.8715884685516357,2603.05123,1,False,True,0.967
cond-mat/0307127,2,0.8689043521881104,1704.00915,2,False,False,0.967
cond-mat/0307127,3,0.8665623664855957,0808.0744,3,False,True,0.967
cond-mat/0307127,4,0.8659423589706421,2506.06070,4,False,True,0.967
cond-mat/0307127,5,0.8657482266426086,cond-mat/0209005,5,False,True,0.967
cond-mat/0307127,6,0.8648958206176758,2103.16798,6,False,False,0.967
cond-mat/0307127,7,0.8648688793182373,2512.18005,7,False,True,0.967
cond-mat/0307127,8,0.8640714883804321,2205.12296,8,False,True,0.967
cond-mat/0307127,9,0.863228976726532,1606.02403,9,False,True,0.967
cond-mat/0307127,10,0.862902820110321,1202.2959,10,False,True,0.967
cond-mat/0401469,1,0.8618394136428833,1307.3575,1,False,False,0.967
cond-mat/0401469,2,0.855958104133606,1609.03732,2,False,False,0.967
cond-mat/0401469,3,0.8550915122032166,0802.2233,3,False,False,0.967
cond-mat/0401469,4,0.853819727897644,cond-mat/0602307,4,False,True,0.967
cond-mat/0401469,5,0.8437467217445374,2506.13913,5,False,False,0.967
cond-mat/0401469,6,0.8432911038398743,cond-mat/9705230,6,False,True,0.967
cond-mat/0401469,7,0.8418415784835815,cond-mat/0511525,7,False,True,0.967
cond-mat/0401469,8,0.8403740525245667,2406.09380,8,False,False,0.967
cond-mat/0401469,9,0.8386648893356323,2111.09674,9,False,False,0.967
cond-mat/0401469,10,0.8386155366897583,0904.4097,10,False,True,0.967
cond-mat/0504200,1,0.8564842343330383,1701.00859,1,False,True,0.967
cond-mat/0504200,2,0.8538023233413696,2010.08305,2,False,False,0.967
cond-mat/0504200,3,0.8480346202850342,2105.08751,3,False,True,0.967
cond-mat/0504200,4,0.8418209552764893,2008.13709,4,False,True,0.967
cond-mat/0504200,5,0.8319209814071655,2202.04758,5,False,True,0.967
cond-mat/0504200,6,0.8273832201957703,1610.00062,6,False,True,0.967
cond-mat/0504200,7,0.8269630670547485,2603.25847,7,False,True,0.967
cond-mat/0504200,8,0.8256277441978455,2405.07617,8,False,True,0.967
cond-mat/0504200,9,0.8216253519058228,2402.06553,9,False,True,0.967
cond-mat/0504200,10,0.8201463222503662,2106.00946,10,False,True,0.967
gr-qc/0102040,1,0.8549676537513733,2107.00457,1,False,True,0.967
gr-qc/0102040,2,0.8536144495010376,gr-qc/0101081,2,False,True,0.967
gr-qc/0102040,3,0.8369293808937073,1303.1863,3,True,True,0.967
gr-qc/0102040,4,0.8365166187286377,2511.14733,4,False,False,0.967
gr-qc/0102040,5,0.8344637155532837,astro-ph/9404016,5,False,False,0.967
gr-qc/0102040,6,0.8324612379074097,2308.12571,6,False,False,0.967
gr-qc/0102040,7,0.8308452367782593,nlin/0003038,7,False,False,0.967
gr-qc/0102040,8,0.8294557332992554,2207.10310,8,False,False,0.967
gr-qc/0102040,9,0.829350471496582,gr-qc/0005116,9,False,True,0.967
gr-qc/0102040,10,0.8270203471183777,astro-ph/0105286,11,False,False,0.967
hep-lat/0203030,1,0.9295877814292908,2501.16185,1,False,True,0.967
hep-lat/0203030,2,0.928870677947998,hep-th/9908026,2,False,True,0.967
hep-lat/0203030,3,0.9286571741104126,1011.5917,3,False,True,0.967
hep-lat/0203030,4,0.9252038598060608,1409.8442,4,False,True,0.967
hep-lat/0203030,5,0.9224417209625244,0910.0441,5,False,True,0.967
hep-lat/0203030,6,0.920095920562744,hep-lat/0002027,6,False,True,0.967
hep-lat/0203030,7,0.919730305671692,hep-lat/0203013,7,False,True,0.967
hep-lat/0203030,8,0.9176376461982728,1304.8130,8,False,True,0.967
hep-lat/0203030,9,0.916426122188568,1711.00130,9,False,True,0.967
hep-lat/0203030,10,0.9141895771026612,hep-lat/0112019,10,True,True,0.967
hep-ph/0310257,1,0.918876051902771,hep-ph/9705411,1,False,True,0.967
hep-ph/0310257,2,0.9157696962356568,hep-ph/9801235,2,False,True,0.967
hep-ph/0310257,3,0.9088568091392516,hep-ph/0306195,3,False,True,0.967
hep-ph/0310257,4,0.9080278277397156,1904.07371,4,False,True,0.967
hep-ph/0310257,5,0.9076204299926758,0705.2275,5,False,True,0.967
hep-ph/0310257,6,0.9075536727905272,1006.0949,6,False,True,0.967
hep-ph/0310257,7,0.9075116515159608,1508.01645,7,False,True,0.967
hep-ph/0310257,8,0.9047611355781556,hep-ph/0606104,8,False,True,0.967
hep-ph/0310257,9,0.9013445377349854,1907.04338,9,False,True,0.967
hep-ph/0310257,10,0.9007732272148132,hep-ph/9502206,10,False,True,0.967
hep-th/9505153,1,0.8199355602264404,0907.5216,1,False,False,0.967
hep-th/9505153,2,0.8066930174827576,1405.5984,2,False,False,0.967
hep-th/9505153,3,0.8011105060577393,2003.04717,3,False,True,0.967
hep-th/9505153,4,0.7995510697364807,hep-ph/0007138,4,False,False,0.967
hep-th/9505153,5,0.7979642152786255,nucl-th/0605043,5,False,False,0.967
hep-th/9505153,6,0.796964704990387,physics/0511088,6,False,False,0.967
hep-th/9505153,7,0.7955347895622253,0906.4841,7,False,False,0.967
hep-th/9505153,8,0.7950015068054199,hep-th/9504158,8,False,True,0.967
hep-th/9505153,9,0.7948594093322754,1205.5228,9,False,False,0.967
hep-th/9505153,10,0.7942634224891663,0802.1913,10,False,True,0.967
math-ph/0207040,1,0.8881568312644958,1909.08832,1,False,False,0.967
math-ph/0207040,2,0.888116717338562,1309.2401,2,False,False,0.967
math-ph/0207040,3,0.8866615295410156,1308.5606,3,False,False,0.967
math-ph/0207040,4,0.8858345746994019,2105.07094,4,False,False,0.967
math-ph/0207040,5,0.8844552636146545,math/0311277,5,False,False,0.967
math-ph/0207040,6,0.8829361200332642,2103.16430,6,False,False,0.967
math-ph/0207040,7,0.8804804086685181,1603.01370,7,False,False,0.967
math-ph/0207040,8,0.8790558576583862,2003.10497,8,False,False,0.967
math-ph/0207040,9,0.8774539828300476,math/0604491,9,False,False,0.967
math-ph/0207040,10,0.8748670816421509,1908.09012,10,False,False,0.967
